t,px_hat,py_hat,vx_hat,vy_hat,bax_hat,bay_hat
0.000000000000000000e+00,2.912100994461972903e+00,-1.055332398836286156e+00,8.084155847959449304e+00,-4.204931162667775030e-02,0.000000000000000000e+00,0.000000000000000000e+00
1.000000000000000056e-01,1.936997791251649392e+00,-1.570576178814364177e+00,7.518623574672423260e+00,-2.040935602502858270e-01,0.000000000000000000e+00,0.000000000000000000e+00
2.000000000000000111e-01,3.047451345660806776e+00,-2.625128325425774900e+00,7.787435749028982279e+00,-9.793222175720511791e-01,0.000000000000000000e+00,0.000000000000000000e+00
3.000000000000000444e-01,4.613035079186630583e+00,-2.359639764793387773e+00,8.711568491854105645e+00,-5.524896001099146581e-01,0.000000000000000000e+00,0.000000000000000000e+00
4.000000000000000222e-01,5.247092852632494697e+00,-1.867850916804848049e+00,8.365371219644094580e+00,2.462608645828220366e-01,0.000000000000000000e+00,0.000000000000000000e+00
5.000000000000000000e-01,6.591038899730598644e+00,-2.452107995005257557e+00,9.169475694808870259e+00,-7.186525480567808044e-01,0.000000000000000000e+00,0.000000000000000000e+00
6.000000000000000888e-01,6.918402459264757276e+00,-2.015190675579390689e+00,8.229671293451387371e+00,9.235333834777048612e-02,0.000000000000000000e+00,0.000000000000000000e+00
7.000000000000000666e-01,8.163075986702702735e+00,-2.025065322524018274e+00,8.879084705689521684e+00,6.292462234563099555e-02,0.000000000000000000e+00,0.000000000000000000e+00
8.000000000000000444e-01,8.677135382151375254e+00,-1.906296467022856600e+00,8.334028541119508304e+00,2.269104540581649565e-01,0.000000000000000000e+00,0.000000000000000000e+00
9.000000000000000222e-01,9.399337328217724163e+00,-1.032792772171635676e+00,8.181952033558511417e+00,1.390467646085006947e+00,0.000000000000000000e+00,0.000000000000000000e+00
1.000000000000000000e+00,9.597963081141314134e+00,-2.958799070800688380e-02,7.389843376968849853e+00,2.495278487443848725e+00,0.000000000000000000e+00,0.000000000000000000e+00
1.100000000000000089e+00,1.094333120705855222e+01,4.657531126866152338e-01,8.114404842429888021e+00,2.788998101125870654e+00,0.000000000000000000e+00,0.000000000000000000e+00
1.200000000000000178e+00,1.223642020855072587e+01,2.962098193694473469e-01,8.653037602094279634e+00,2.287499315803405153e+00,0.000000000000000000e+00,0.000000000000000000e+00
1.300000000000000044e+00,1.301735450024508722e+01,3.241165683931596098e-02,8.564538225607075006e+00,1.770840861199621807e+00,0.000000000000000000e+00,0.000000000000000000e+00
1.400000000000000133e+00,1.377871903622797412e+01,4.487483004513038165e-01,8.470739442730085500e+00,2.006846403996417560e+00,0.000000000000000000e+00,0.000000000000000000e+00
1.500000000000000000e+00,1.440779234367628803e+01,4.022422193625093678e-01,8.267968115961194187e+00,1.776924183166042059e+00,0.000000000000000000e+00,0.000000000000000000e+00
1.600000000000000089e+00,1.510293620704279327e+01,1.807938480705528761e-01,8.152188751146885792e+00,1.425908366856618148e+00,0.000000000000000000e+00,0.000000000000000000e+00
1.700000000000000178e+00,1.585474091736004176e+01,3.129674256616459260e-01,8.099323167191213813e+00,1.417223958775063464e+00,0.000000000000000000e+00,0.000000000000000000e+00
1.800000000000000044e+00,1.648103724175754792e+01,5.141228620086363277e-01,7.953838880291414171e+00,1.464309355279722169e+00,0.000000000000000000e+00,0.000000000000000000e+00
1.900000000000000133e+00,1.814650927573872252e+01,8.636722954532857210e-01,8.610472934573820680e+00,1.617597873698559452e+00,0.000000000000000000e+00,0.000000000000000000e+00
2.000000000000000000e+00,1.908266767685675802e+01,6.068289041509091764e-01,8.664590786060733407e+00,1.315992620349318631e+00,0.000000000000000000e+00,0.000000000000000000e+00
2.100000000000000089e+00,1.984283278642267589e+01,1.231535125059824320e+00,8.591318224324746566e+00,1.655910401318521741e+00,0.000000000000000000e+00,0.000000000000000000e+00
2.200000000000000178e+00,2.088454527077469081e+01,1.035271129184313965e+00,8.711975355660911191e+00,1.416781075434967896e+00,0.000000000000000000e+00,0.000000000000000000e+00
2.300000000000000266e+00,2.195983276709232257e+01,1.698362769425273422e+00,8.841516341440829763e+00,1.747735242783003295e+00,0.000000000000000000e+00,0.000000000000000000e+00
2.400000000000000355e+00,2.300127801414347317e+01,1.839927138625411684e+00,8.937580779476308024e+00,1.727453307863614729e+00,0.000000000000000000e+00,0.000000000000000000e+00
2.500000000000000000e+00,2.408535054139975173e+01,1.687834808465991987e+00,9.049609338682822468e+00,1.536237689375542725e+00,0.000000000000000000e+00,0.000000000000000000e+00
2.600000000000000089e+00,2.475741037838109193e+01,1.555189582580171814e+00,8.917255085163702688e+00,1.373555247678373448e+00,0.000000000000000000e+00,0.000000000000000000e+00
2.700000000000000178e+00,2.571194216342700756e+01,1.688947728595286302e+00,8.951765546669598450e+00,1.371578578978557061e+00,0.000000000000000000e+00,0.000000000000000000e+00
2.800000000000000266e+00,2.693897638992246968e+01,1.898989441766651742e+00,9.128338470578807318e+00,1.410358202063690669e+00,0.000000000000000000e+00,0.000000000000000000e+00
2.900000000000000355e+00,2.799822921592878089e+01,2.077251342902916242e+00,9.203884457742997682e+00,1.429565281994862103e+00,0.000000000000000000e+00,0.000000000000000000e+00
3.000000000000000000e+00,2.879264802816255298e+01,2.329050796364969145e+00,9.140771931186694843e+00,1.484097091114473521e+00,0.000000000000000000e+00,0.000000000000000000e+00
3.100000000000000089e+00,2.990500093467922582e+01,2.188429903270349808e+00,9.237360936813308498e+00,1.343297302858479148e+00,0.000000000000000000e+00,0.000000000000000000e+00
3.200000000000000178e+00,3.099688136785327686e+01,2.114597041037549197e+00,9.317105776100126135e+00,1.244573239140321030e+00,0.000000000000000000e+00,0.000000000000000000e+00
3.300000000000000266e+00,3.222146777173095700e+01,2.408820502600384827e+00,9.452500680659317922e+00,1.323055202972102329e+00,0.000000000000000000e+00,0.000000000000000000e+00
3.400000000000000355e+00,3.365325876694402751e+01,2.036114958730361746e+00,9.672012044717785528e+00,1.095210716774453807e+00,0.000000000000000000e+00,0.000000000000000000e+00
3.500000000000000000e+00,3.462045997141580500e+01,2.145636030407807038e+00,9.672012044717785528e+00,1.095210716774453807e+00,0.000000000000000000e+00,0.000000000000000000e+00
3.600000000000000089e+00,3.520103695243146547e+01,1.972638073518877988e+00,9.505672345605209017e+00,9.736608309829807295e-01,0.000000000000000000e+00,0.000000000000000000e+00
3.700000000000000178e+00,3.618178958030899395e+01,2.132380837139578489e+00,9.518365919066599901e+00,9.998914971920815908e-01,0.000000000000000000e+00,0.000000000000000000e+00
3.800000000000000266e+00,3.719404196954919684e+01,1.650747972289818177e+00,9.543232771700104422e+00,7.604986634793926559e-01,0.000000000000000000e+00,0.000000000000000000e+00
3.900000000000000355e+00,3.806989307596362693e+01,1.820894658207981687e+00,9.511577693065760286e+00,7.984566069650482767e-01,0.000000000000000000e+00,0.000000000000000000e+00
4.000000000000000000e+00,3.902105084527020296e+01,1.900740318904486470e+00,9.511577693065760286e+00,7.984566069650482767e-01,0.000000000000000000e+00,0.000000000000000000e+00
4.100000000000000533e+00,4.001788155008991765e+01,2.044596810232006678e+00,9.529302865280378398e+00,8.232985179083273097e-01,0.000000000000000000e+00,0.000000000000000000e+00
4.200000000000000178e+00,4.091415288120283122e+01,1.972819099063288117e+00,9.507713963220362885e+00,7.645785316490431027e-01,0.000000000000000000e+00,0.000000000000000000e+00
4.299999999999999822e+00,4.190000493151776340e+01,2.037608642416887772e+00,9.520855892226201433e+00,7.602073446355577246e-01,0.000000000000000000e+00,0.000000000000000000e+00
4.400000000000000355e+00,4.288489471548024312e+01,2.041570952893243085e+00,9.532954032540985168e+00,7.336323004629298206e-01,0.000000000000000000e+00,0.000000000000000000e+00
4.500000000000000000e+00,4.369835028132413157e+01,2.097590602418402117e+00,9.482119622809307202e+00,7.273275829035162898e-01,0.000000000000000000e+00,0.000000000000000000e+00
4.600000000000000533e+00,4.467360999955333511e+01,2.292287983199756241e+00,9.491822683371657021e+00,7.710809397719246006e-01,0.000000000000000000e+00,0.000000000000000000e+00
4.700000000000000178e+00,4.584580330149609750e+01,2.298992251014939203e+00,9.570861774275002176e+00,7.461285671202478875e-01,0.000000000000000000e+00,0.000000000000000000e+00
4.800000000000000711e+00,4.671826114508942851e+01,2.158966571006844859e+00,9.541197589630154852e+00,6.708928050923423925e-01,0.000000000000000000e+00,0.000000000000000000e+00
4.900000000000000355e+00,4.773712744440650368e+01,2.157138935598376328e+00,9.563666060170975314e+00,6.469771227007636849e-01,0.000000000000000000e+00,0.000000000000000000e+00
5.000000000000000000e+00,4.861857179423002151e+01,2.151302474674079424e+00,9.537901403120129018e+00,6.227214625665774550e-01,0.000000000000000000e+00,0.000000000000000000e+00
5.100000000000000533e+00,4.945753588198643769e+01,2.257545182886568913e+00,9.498735846163020469e+00,6.377192048941149327e-01,0.000000000000000000e+00,0.000000000000000000e+00
5.200000000000000178e+00,5.033198279453872459e+01,2.444281340607656450e+00,9.473196432298500724e+00,6.793548022134531239e-01,0.000000000000000000e+00,0.000000000000000000e+00
5.300000000000000711e+00,5.134948490546153010e+01,2.515966876735902247e+00,9.496805936308287954e+00,6.806163275328284135e-01,0.000000000000000000e+00,0.000000000000000000e+00
5.400000000000000355e+00,5.212249389895914220e+01,2.514923995513814070e+00,9.437714283696299944e+00,6.575028224155734513e-01,0.000000000000000000e+00,0.000000000000000000e+00
5.500000000000000000e+00,5.319581632976574070e+01,2.336485430870327562e+00,9.480827399107836229e+00,5.762395227117632635e-01,0.000000000000000000e+00,0.000000000000000000e+00
5.600000000000000533e+00,5.410531898575467125e+01,2.321700305702727452e+00,9.468044520752934901e+00,5.522479619218638724e-01,0.000000000000000000e+00,0.000000000000000000e+00
5.700000000000000178e+00,5.484779771960883465e+01,2.350480011259558744e+00,9.400599020305900666e+00,5.435187506028145155e-01,0.000000000000000000e+00,0.000000000000000000e+00
5.800000000000000711e+00,5.593848036394173562e+01,2.198799077330377383e+00,9.450159213642672640e+00,4.757266915076371894e-01,0.000000000000000000e+00,0.000000000000000000e+00
5.900000000000000355e+00,5.694778432698238646e+01,1.986868945097317818e+00,9.471255893031250039e+00,3.905685927621431741e-01,0.000000000000000000e+00,0.000000000000000000e+00
6.000000000000000000e+00,5.789686558725249199e+01,1.740665350306798587e+00,9.471896263963117235e+00,2.971620300629332356e-01,0.000000000000000000e+00,0.000000000000000000e+00
6.100000000000000533e+00,5.901633841239154776e+01,1.802946604707415634e+00,9.528211146806405907e+00,3.078066957496634615e-01,0.000000000000000000e+00,0.000000000000000000e+00
6.200000000000000178e+00,5.996165820832161586e+01,1.689859326952532381e+00,9.525762435742080925e+00,2.608428156450384172e-01,0.000000000000000000e+00,0.000000000000000000e+00
6.300000000000000711e+00,6.109423628004925888e+01,1.975588008616257607e+00,9.584464735613131836e+00,3.455181969498947736e-01,0.000000000000000000e+00,0.000000000000000000e+00
6.400000000000000355e+00,6.177265889015455969e+01,2.142819212515507665e+00,9.493201842376402411e+00,3.887598847328741503e-01,0.000000000000000000e+00,0.000000000000000000e+00
6.500000000000000000e+00,6.295680815521485130e+01,2.174594793225075318e+00,9.569708568166841900e+00,3.864465896849347271e-01,0.000000000000000000e+00,0.000000000000000000e+00
6.600000000000000533e+00,6.373481740454862887e+01,2.277871451251487489e+00,9.511408462541240283e+00,4.075016775603070296e-01,0.000000000000000000e+00,0.000000000000000000e+00
6.700000000000000178e+00,6.466317495234001456e+01,2.171800261454399195e+00,9.503985326769347708e+00,3.596651067006257363e-01,0.000000000000000000e+00,0.000000000000000000e+00
6.800000000000000711e+00,6.544805937558589903e+01,2.229910717938581755e+00,9.450039979135965496e+00,3.668823938492791203e-01,0.000000000000000000e+00,0.000000000000000000e+00
6.900000000000000355e+00,6.651894978336569864e+01,2.124045354903148830e+00,9.491090708549567267e+00,3.203966026815745494e-01,0.000000000000000000e+00,0.000000000000000000e+00
7.000000000000000000e+00,6.754820770513852324e+01,1.951753314593772437e+00,9.517243987344569334e+00,2.537213619181442059e-01,0.000000000000000000e+00,0.000000000000000000e+00
7.100000000000000533e+00,6.861286304912211165e+01,1.949400325059428951e+00,9.554123235992371121e+00,2.446673174027916287e-01,0.000000000000000000e+00,0.000000000000000000e+00
7.200000000000000178e+00,6.953973072647018228e+01,1.928159927307422583e+00,9.544793315053189176e+00,2.297277766998644666e-01,0.000000000000000000e+00,0.000000000000000000e+00
7.300000000000000711e+00,7.061083319510002809e+01,2.023987206413307760e+00,9.582948840494307063e+00,2.535635424970856810e-01,0.000000000000000000e+00,0.000000000000000000e+00
7.400000000000000355e+00,7.163249258510410300e+01,2.035331082908247158e+00,9.603701103877858358e+00,2.489743702997786745e-01,0.000000000000000000e+00,0.000000000000000000e+00
7.500000000000000000e+00,7.259181527262695965e+01,2.112306414301554192e+00,9.603357697588512210e+00,2.660485406841442968e-01,0.000000000000000000e+00,0.000000000000000000e+00
7.600000000000000533e+00,7.357213779944306964e+01,2.196578830868002097e+00,9.609917774048623684e+00,2.849762545784770285e-01,0.000000000000000000e+00,0.000000000000000000e+00
7.700000000000000178e+00,7.448013867266142540e+01,1.864860692596312042e+00,9.592505476852258184e+00,1.666128480813979795e-01,0.000000000000000000e+00,0.000000000000000000e+00
7.800000000000000711e+00,7.556971059281691794e+01,2.159535959238124470e+00,9.635376240302948148e+00,2.580688496969035239e-01,0.000000000000000000e+00,0.000000000000000000e+00
7.900000000000000355e+00,7.657623613721484901e+01,2.141970695613513609e+00,9.649533557819264473e+00,2.437849933539323055e-01,0.000000000000000000e+00,0.000000000000000000e+00
8.000000000000000000e+00,7.750534639527364789e+01,2.123423471645295546e+00,9.637716122709758082e+00,2.296324233504297430e-01,0.000000000000000000e+00,0.000000000000000000e+00
8.099999999999999645e+00,7.845602481121684946e+01,1.974838035795630997e+00,9.633394594901284691e+00,1.730112313417484504e-01,0.000000000000000000e+00,0.000000000000000000e+00
8.200000000000001066e+00,7.933682046964142387e+01,1.849742377091183387e+00,9.606121279664046497e+00,1.259618797281889524e-01,0.000000000000000000e+00,0.000000000000000000e+00
8.300000000000000711e+00,8.032063935184845604e+01,1.823190362931824682e+00,9.613796929892030718e+00,1.130135844385815602e-01,0.000000000000000000e+00,0.000000000000000000e+00
8.400000000000000355e+00,8.133547942680145582e+01,1.815861976559302260e+00,9.631496536246674012e+00,1.068456683552163472e-01,0.000000000000000000e+00,0.000000000000000000e+00
8.500000000000000000e+00,8.241226271808032777e+01,1.861690382520055920e+00,9.669154003597229874e+00,1.184921139126390716e-01,0.000000000000000000e+00,0.000000000000000000e+00
8.599999999999999645e+00,8.364169722871214674e+01,1.632592132571002219e+00,9.756229989238095257e+00,3.857131248173878424e-02,0.000000000000000000e+00,0.000000000000000000e+00
8.700000000000001066e+00,8.449052164186181813e+01,1.778942968491399546e+00,9.714135536128953419e+00,8.587621366066293394e-02,0.000000000000000000e+00,0.000000000000000000e+00
8.800000000000000711e+00,8.575582732171584155e+01,1.772727653920942670e+00,9.811780642125652818e+00,8.095796604691692100e-02,0.000000000000000000e+00,0.000000000000000000e+00
8.900000000000000355e+00,8.668584799876254010e+01,1.771355599533978253e+00,9.794770745742878759e+00,7.780989353466268021e-02,0.000000000000000000e+00,0.000000000000000000e+00
9.000000000000000000e+00,8.778303759023108910e+01,1.763296334489700801e+00,9.833938197568206974e+00,7.253923568625458840e-02,0.000000000000000000e+00,0.000000000000000000e+00
9.099999999999999645e+00,8.878966023979702982e+01,1.752344515607650921e+00,9.841672443965409300e+00,6.647747109825494216e-02,0.000000000000000000e+00,0.000000000000000000e+00
9.200000000000001066e+00,8.954021819572504626e+01,1.825335489534005262e+00,9.763842331562221588e+00,8.858061962531536826e-02,0.000000000000000000e+00,0.000000000000000000e+00
9.300000000000000711e+00,9.052830356169275206e+01,2.024645844033668318e+00,9.767742933298624308e+00,1.520683652086279314e-01,0.000000000000000000e+00,0.000000000000000000e+00
9.400000000000000355e+00,9.143582812172992647e+01,1.970514256046160595e+00,9.744646349640522232e+00,1.289422007278259452e-01,0.000000000000000000e+00,0.000000000000000000e+00
9.500000000000000000e+00,9.243265839256862648e+01,2.030541624641515774e+00,9.752109415027659267e+00,1.446698004838612994e-01,0.000000000000000000e+00,0.000000000000000000e+00
9.600000000000001421e+00,9.339208281155083569e+01,2.048777341910425154e+00,9.746839423011342873e+00,1.459279125878975847e-01,0.000000000000000000e+00,0.000000000000000000e+00
9.700000000000001066e+00,9.446648477457911497e+01,2.124676964743066776e+00,9.780141133255163766e+00,1.664018683097602258e-01,0.000000000000000000e+00,0.000000000000000000e+00
9.800000000000000711e+00,9.563445710817369161e+01,2.294760442297804293e+00,9.843601582464629018e+00,2.176635622954993798e-01,0.000000000000000000e+00,0.000000000000000000e+00
9.900000000000000355e+00,9.663503641842129355e+01,2.104321469075693951e+00,9.849021703629452063e+00,1.467487205474160838e-01,0.000000000000000000e+00,0.000000000000000000e+00
1.000000000000000000e+01,9.762821897744332489e+01,2.185899879919354305e+00,9.851789613364161369e+00,1.691127621310444529e-01,0.000000000000000000e+00,0.000000000000000000e+00
1.010000000000000142e+01,9.864851987753738172e+01,2.345810562767212115e+00,9.863532787666292379e+00,2.169252410719402779e-01,0.000000000000000000e+00,0.000000000000000000e+00
1.020000000000000107e+01,9.951109477733351127e+01,2.471635985417020009e+00,9.822138153553520823e+00,2.517499275004282944e-01,0.000000000000000000e+00,0.000000000000000000e+00
1.030000000000000071e+01,1.003574616167414177e+02,2.739573404083023966e+00,9.776699149766070462e+00,3.329507250427549137e-01,0.000000000000000000e+00,0.000000000000000000e+00
1.040000000000000036e+01,1.011095652834962237e+02,2.516985834907228270e+00,9.701238460473069480e+00,2.473480221937632839e-01,0.000000000000000000e+00,0.000000000000000000e+00
1.050000000000000000e+01,1.018295333131158600e+02,2.414447577595087768e+00,9.617540621838534420e+00,2.047646429571156612e-01,0.000000000000000000e+00,0.000000000000000000e+00
1.060000000000000142e+01,1.026290541671657621e+02,2.684127785482731898e+00,9.563254299382064616e+00,2.881529636196776267e-01,0.000000000000000000e+00,0.000000000000000000e+00
1.070000000000000107e+01,1.035395129333466144e+02,2.517210433893875443e+00,9.547905099526957429e+00,2.226513708406524794e-01,0.000000000000000000e+00,0.000000000000000000e+00
1.080000000000000071e+01,1.046414518439060402e+02,2.453453203020578677e+00,9.597151419008673301e+00,1.938621689360790490e-01,0.000000000000000000e+00,0.000000000000000000e+00
1.090000000000000036e+01,1.054371271237103116e+02,2.581155841728708822e+00,9.542249214935990764e+00,2.301143957965339770e-01,0.000000000000000000e+00,0.000000000000000000e+00
1.100000000000000000e+01,1.064819658946435936e+02,2.534666148923389706e+00,9.572577676373807520e+00,2.068523621619802189e-01,0.000000000000000000e+00,0.000000000000000000e+00
1.110000000000000142e+01,1.076285060978734691e+02,2.562493283855951542e+00,9.635931890289056057e+00,2.092428078344548692e-01,0.000000000000000000e+00,0.000000000000000000e+00
1.120000000000000107e+01,1.085920992869023678e+02,2.583417564639396868e+00,9.635931890289056057e+00,2.092428078344548692e-01,0.000000000000000000e+00,0.000000000000000000e+00
1.130000000000000071e+01,1.097784228975935008e+02,2.660352778878996460e+00,9.710325745537231157e+00,2.279509360046216293e-01,0.000000000000000000e+00,0.000000000000000000e+00
1.140000000000000036e+01,1.109502061746317878e+02,2.679405390675064336e+00,9.777255452438128103e+00,2.267032033334531460e-01,0.000000000000000000e+00,0.000000000000000000e+00
1.150000000000000000e+01,1.117364181802954448e+02,3.016985380004707729e+00,9.713506370627220221e+00,3.315271353431713530e-01,0.000000000000000000e+00,0.000000000000000000e+00
1.160000000000000142e+01,1.126247133790552937e+02,2.979452288217161460e+00,9.685897049144251980e+00,3.080297321232037255e-01,0.000000000000000000e+00,0.000000000000000000e+00
1.170000000000000107e+01,1.135933030839697153e+02,3.010255261429481966e+00,9.685897049144251980e+00,3.080297321232037255e-01,0.000000000000000000e+00,0.000000000000000000e+00
1.180000000000000071e+01,1.144639747800498810e+02,2.965903741440624408e+00,9.653483356486013633e+00,2.831514214476673064e-01,0.000000000000000000e+00,0.000000000000000000e+00
1.190000000000000036e+01,1.154773526283619276e+02,2.980879854241341498e+00,9.669341156992315334e+00,2.787473029264601054e-01,0.000000000000000000e+00,0.000000000000000000e+00
1.200000000000000000e+01,1.165509745209563022e+02,3.220622043608575957e+00,9.704489151804963853e+00,3.485464548934284479e-01,0.000000000000000000e+00,0.000000000000000000e+00
1.210000000000000142e+01,1.175124798595733466e+02,3.022286101772975186e+00,9.701548007889329028e+00,2.718604588348770279e-01,0.000000000000000000e+00,0.000000000000000000e+00
1.220000000000000107e+01,1.183284203229827085e+02,2.911957057007202643e+00,9.650906909579518356e+00,2.267030801956198549e-01,0.000000000000000000e+00,0.000000000000000000e+00
1.230000000000000071e+01,1.190856218523172885e+02,3.013382697868898230e+00,9.582716355013248588e+00,2.525359316036489554e-01,0.000000000000000000e+00,0.000000000000000000e+00
1.240000000000000036e+01,1.200438934878186075e+02,3.038636291029263248e+00,9.582716355013248588e+00,2.525359316036489554e-01,0.000000000000000000e+00,0.000000000000000000e+00
1.250000000000000000e+01,1.210021651233199265e+02,3.063889884189628265e+00,9.582716355013248588e+00,2.525359316036489554e-01,0.000000000000000000e+00,0.000000000000000000e+00
1.260000000000000142e+01,1.219402268945540300e+02,2.987443068480290176e+00,9.576139499761771035e+00,2.194397732470952378e-01,0.000000000000000000e+00,0.000000000000000000e+00
1.270000000000000107e+01,1.229607571204674770e+02,2.748383383033576877e+00,9.596539908005249586e+00,1.348101413393016645e-01,0.000000000000000000e+00,0.000000000000000000e+00
1.280000000000000071e+01,1.238522275758931244e+02,2.837523946235778638e+00,9.574496844966407849e+00,1.592701257099100598e-01,0.000000000000000000e+00,0.000000000000000000e+00
1.290000000000000036e+01,1.249738954549586225e+02,2.754642958322104374e+00,9.627463402574472084e+00,1.274008211937520396e-01,0.000000000000000000e+00,0.000000000000000000e+00
1.300000000000000000e+01,1.262677469705060673e+02,2.549540687239989722e+00,9.734069598173066495e+00,5.726194615286429868e-02,0.000000000000000000e+00,0.000000000000000000e+00
1.310000000000000142e+01,1.272335829824791631e+02,2.513510668668776926e+00,9.731634996746322486e+00,4.383433599214523607e-02,0.000000000000000000e+00,0.000000000000000000e+00
1.320000000000000107e+01,1.282067464821537897e+02,2.517894102267991485e+00,9.731634996746322486e+00,4.383433599214523607e-02,0.000000000000000000e+00,0.000000000000000000e+00
1.330000000000000071e+01,1.288053212159340433e+02,2.816422819149097645e+00,9.611581100178678838e+00,1.381064835582142547e-01,0.000000000000000000e+00,0.000000000000000000e+00
1.340000000000000036e+01,1.299080248738326020e+02,2.647162842805993233e+00,9.656858324846238517e+00,7.954632445303391752e-02,0.000000000000000000e+00,0.000000000000000000e+00
1.350000000000000000e+01,1.312585154186128307e+02,2.731924300567563080e+00,9.779783970216591626e+00,1.040822208939195526e-01,0.000000000000000000e+00,0.000000000000000000e+00
1.360000000000000142e+01,1.323526219958685601e+02,2.637375576244640474e+00,9.816851155625508696e+00,7.058080388404333605e-02,0.000000000000000000e+00,0.000000000000000000e+00
1.370000000000000107e+01,1.333961913014258300e+02,2.415163560982129809e+00,9.836597593193500799e+00,-2.576292142664513007e-03,0.000000000000000000e+00,0.000000000000000000e+00
1.380000000000000071e+01,1.345380567296516858e+02,2.371198407213837456e+00,9.887083736349635998e+00,-1.652411308287838471e-02,0.000000000000000000e+00,0.000000000000000000e+00
1.390000000000000036e+01,1.355799631247917318e+02,2.555091818015161387e+00,9.904068079924099877e+00,4.271444320845049075e-02,0.000000000000000000e+00,0.000000000000000000e+00
1.400000000000000000e+01,1.366424686558403607e+02,2.598201214936356696e+00,9.927105039123180319e+00,5.512393246850876005e-02,0.000000000000000000e+00,0.000000000000000000e+00
1.410000000000000142e+01,1.376351791597526812e+02,2.603713608183207739e+00,9.927105039123180319e+00,5.512393246850876005e-02,0.000000000000000000e+00,0.000000000000000000e+00
1.420000000000000107e+01,1.387007382757858522e+02,2.501027720941068289e+00,9.950384483812946712e+00,2.054817580216232453e-02,0.000000000000000000e+00,0.000000000000000000e+00
1.430000000000000071e+01,1.398464733267275903e+02,2.739479938765428724e+00,9.998518748145469814e+00,9.605628121091246141e-02,0.000000000000000000e+00,0.000000000000000000e+00
1.440000000000000036e+01,1.409750070753688078e+02,2.870690042906757000e+00,1.003962009619659668e+01,1.348970887376554628e-01,0.000000000000000000e+00,0.000000000000000000e+00
1.450000000000000000e+01,1.418638783689926015e+02,2.744411061020901599e+00,1.000284677499127461e+01,9.023876060687036071e-02,0.000000000000000000e+00,0.000000000000000000e+00
1.460000000000000142e+01,1.426804389727036266e+02,2.924225821237503631e+00,9.944103585264960188e+00,1.448467447683092213e-01,0.000000000000000000e+00,0.000000000000000000e+00
1.470000000000000107e+01,1.436756926613536223e+02,3.120034651105968670e+00,9.944373491652021002e+00,2.028792356104455741e-01,0.000000000000000000e+00,0.000000000000000000e+00
1.480000000000000071e+01,1.446001353531285645e+02,3.050865242822899948e+00,9.921944427867975591e+00,1.742135591618091395e-01,0.000000000000000000e+00,0.000000000000000000e+00
1.490000000000000036e+01,1.456525816760893690e+02,3.174407735683892895e+00,9.941279102347097663e+00,2.082675609997118316e-01,0.000000000000000000e+00,0.000000000000000000e+00
1.500000000000000000e+01,1.467005163402064625e+02,3.195424896387909275e+00,9.958573136874520060e+00,2.083287589638882498e-01,0.000000000000000000e+00,0.000000000000000000e+00
1.510000000000000142e+01,1.477426665922583027e+02,3.211246979853638273e+00,9.973477932924819100e+00,2.067154494210484139e-01,0.000000000000000000e+00,0.000000000000000000e+00
1.520000000000000107e+01,1.486315861205807209e+02,3.213358474210662674e+00,9.938503511661988199e+00,2.007287537195056315e-01,0.000000000000000000e+00,0.000000000000000000e+00
1.530000000000000071e+01,1.496540972250370487e+02,3.196889417100858388e+00,9.947765944296383722e+00,1.889193227350286775e-01,0.000000000000000000e+00,0.000000000000000000e+00
1.540000000000000036e+01,1.507705019435190366e+02,3.097519841383209904e+00,9.987150188243898441e+00,1.506252183359518548e-01,0.000000000000000000e+00,0.000000000000000000e+00
1.550000000000000000e+01,1.518079721486147946e+02,3.054011653044535812e+00,9.999724408301496226e+00,1.316218004842378275e-01,0.000000000000000000e+00,0.000000000000000000e+00
1.560000000000000142e+01,1.529135754338758204e+02,3.157374515099135248e+00,1.003406498338984498e+01,1.609460315849461087e-01,0.000000000000000000e+00,0.000000000000000000e+00
1.570000000000000107e+01,1.538349803850876185e+02,3.231074135920794621e+00,1.000735340571667287e+01,1.797105666160637993e-01,0.000000000000000000e+00,0.000000000000000000e+00
1.580000000000000071e+01,1.551613812487243251e+02,3.030097729111106641e+00,1.011364484555121734e+01,1.082500051127892049e-01,0.000000000000000000e+00,0.000000000000000000e+00
1.590000000000000036e+01,1.560940839563626241e+02,2.915663549615459704e+00,1.008792183611496363e+01,6.728928447330376206e-02,0.000000000000000000e+00,0.000000000000000000e+00
1.600000000000000000e+01,1.571029855513292546e+02,3.136483040114392828e+00,1.008795768119014902e+01,1.374291002554625662e-01,0.000000000000000000e+00,0.000000000000000000e+00
1.610000000000000142e+01,1.581509289253827717e+02,3.045739129791142474e+00,1.010080625135237575e+01,1.031356559890171387e-01,0.000000000000000000e+00,0.000000000000000000e+00
1.619999999999999929e+01,1.592774586720465209e+02,2.971810173377112285e+00,1.013909210514213122e+01,7.543860822831227608e-02,0.000000000000000000e+00,0.000000000000000000e+00
1.630000000000000071e+01,1.604651116691597679e+02,3.020193471458644030e+00,1.019630991948218579e+01,8.888797171095227934e-02,0.000000000000000000e+00,0.000000000000000000e+00
1.640000000000000213e+01,1.616804819933993542e+02,2.941738522665218181e+00,1.026087314322792032e+01,6.007825959288138479e-02,0.000000000000000000e+00,0.000000000000000000e+00
1.650000000000000000e+01,1.631020565467673293e+02,3.061019644620295743e+00,1.039151683826056072e+01,9.749651352477239907e-02,0.000000000000000000e+00,0.000000000000000000e+00
1.660000000000000142e+01,1.641983305112960920e+02,3.062962508954453433e+00,1.041041298036403262e+01,9.491401585389959428e-02,0.000000000000000000e+00,0.000000000000000000e+00
1.669999999999999929e+01,1.651104702443018368e+02,2.959489803445242373e+00,1.036771575764202602e+01,5.749590041779627930e-02,0.000000000000000000e+00,0.000000000000000000e+00
1.680000000000000071e+01,1.661012109670805330e+02,2.869678999593038071e+00,1.035244971956595883e+01,2.580349158477065336e-02,0.000000000000000000e+00,0.000000000000000000e+00
1.690000000000000213e+01,1.671364559390371198e+02,2.872259348751515340e+00,1.035244971956595883e+01,2.580349158477065336e-02,0.000000000000000000e+00,0.000000000000000000e+00
1.700000000000000000e+01,1.681791109508447164e+02,2.777702447257853091e+00,1.035490737529260308e+01,-6.413598354788045686e-03,0.000000000000000000e+00,0.000000000000000000e+00
1.710000000000000142e+01,1.692657379485672777e+02,2.933368596404601014e+00,1.037185243594432116e+01,4.538213739145045139e-02,0.000000000000000000e+00,0.000000000000000000e+00
1.719999999999999929e+01,1.703029231921616997e+02,2.937906810143746217e+00,1.037185243594432116e+01,4.538213739145045139e-02,0.000000000000000000e+00,0.000000000000000000e+00
1.730000000000000071e+01,1.711926263852046759e+02,3.132315929356192630e+00,1.032314697000419734e+01,1.080863843487790965e-01,0.000000000000000000e+00,0.000000000000000000e+00
1.740000000000000213e+01,1.721555147530783074e+02,3.312363749653244316e+00,1.030027094711507374e+01,1.638508104203944826e-01,0.000000000000000000e+00,0.000000000000000000e+00
1.750000000000000000e+01,1.732173938093376080e+02,3.479790599533876705e+00,1.031074665265137469e+01,2.135265295016555709e-01,0.000000000000000000e+00,0.000000000000000000e+00
1.760000000000000142e+01,1.740730109021392593e+02,3.465560489386585008e+00,1.025312727528551449e+01,2.018413304769224037e-01,0.000000000000000000e+00,0.000000000000000000e+00
1.769999999999999929e+01,1.752809352994476626e+02,3.380444212082311939e+00,1.031302618565955953e+01,1.673014796030629359e-01,0.000000000000000000e+00,0.000000000000000000e+00
1.780000000000000071e+01,1.759912809023039415e+02,3.114226220303997650e+00,1.020783911142869549e+01,7.457103433653786140e-02,0.000000000000000000e+00,0.000000000000000000e+00
1.790000000000000213e+01,1.766496874466102440e+02,2.836748476738177427e+00,1.008914752447887686e+01,-1.875534932506840724e-02,0.000000000000000000e+00,0.000000000000000000e+00
1.800000000000000000e+01,1.776130105083784372e+02,3.041290263744342859e+00,1.007421979045447458e+01,4.883027502868363123e-02,0.000000000000000000e+00,0.000000000000000000e+00
1.810000000000000142e+01,1.785740738664433138e+02,3.106543636221059224e+00,1.005904291859955713e+01,6.859430100971802835e-02,0.000000000000000000e+00,0.000000000000000000e+00
1.819999999999999929e+01,1.795827742138205849e+02,3.126455191907828723e+00,1.005995834681540302e+01,7.286756524360035736e-02,0.000000000000000000e+00,0.000000000000000000e+00
1.830000000000000071e+01,1.805840071499175679e+02,3.120731547065660916e+00,1.005839861713442929e+01,6.860698551204763573e-02,0.000000000000000000e+00,0.000000000000000000e+00
1.840000000000000213e+01,1.816712201692574524e+02,2.979463191455625548e+00,1.008505625425780039e+01,2.008028839914986069e-02,0.000000000000000000e+00,0.000000000000000000e+00
1.850000000000000000e+01,1.828296242815584378e+02,3.126409910831492223e+00,1.013418708206778085e+01,6.758549006042380292e-02,0.000000000000000000e+00,0.000000000000000000e+00
1.860000000000000142e+01,1.838430429897652232e+02,3.133168459837534670e+00,1.013418708206778085e+01,6.758549006042380292e-02,0.000000000000000000e+00,0.000000000000000000e+00
1.869999999999999929e+01,1.848319051127453179e+02,3.265491880438770256e+00,1.012614552006664148e+01,1.087043056765375215e-01,0.000000000000000000e+00,0.000000000000000000e+00
1.880000000000000071e+01,1.857499008445022355e+02,3.200835177302338241e+00,1.009519573061624342e+01,8.399940151726366377e-02,0.000000000000000000e+00,0.000000000000000000e+00
1.890000000000000213e+01,1.867930187518206253e+02,3.187243018155938135e+00,1.010617680707728994e+01,7.681163672850659097e-02,0.000000000000000000e+00,0.000000000000000000e+00
1.900000000000000000e+01,1.877508150431991680e+02,3.106200406559459282e+00,1.008892203384499986e+01,4.782889617535455995e-02,0.000000000000000000e+00,0.000000000000000000e+00
1.910000000000000142e+01,1.886967668305869665e+02,3.251308637348725217e+00,1.006836723517078092e+01,9.365571652601120678e-02,0.000000000000000000e+00,0.000000000000000000e+00
1.920000000000000284e+01,1.894556894468394148e+02,3.307902155366541308e+00,9.987407648721928766e+00,1.090786186300663763e-01,0.000000000000000000e+00,0.000000000000000000e+00
1.930000000000000071e+01,1.904606217350973907e+02,3.412162952973230468e+00,9.989429900578413069e+00,1.395692000029056246e-01,0.000000000000000000e+00,0.000000000000000000e+00
1.940000000000000213e+01,1.915696809806593990e+02,3.032337175757271908e+00,1.002540780327704617e+01,1.090994347457474589e-02,0.000000000000000000e+00,0.000000000000000000e+00
1.950000000000000000e+01,1.926856310105697503e+02,3.089290354105427294e+00,1.006247971856878110e+01,2.917051887655000564e-02,0.000000000000000000e+00,0.000000000000000000e+00
1.960000000000000142e+01,1.937228391781504229e+02,3.036521933572108090e+00,1.007260642039755538e+01,1.095648107031161472e-02,0.000000000000000000e+00,0.000000000000000000e+00
1.970000000000000284e+01,1.948724566466544275e+02,2.993175680185924836e+00,1.011920331162813014e+01,-3.590446543865852269e-03,0.000000000000000000e+00,0.000000000000000000e+00
1.980000000000000071e+01,1.961496268971678774e+02,3.082373058583546044e+00,1.020609663028902148e+01,2.574737502998797334e-02,0.000000000000000000e+00,0.000000000000000000e+00
1.990000000000000213e+01,1.971702365601967699e+02,3.084947796086544791e+00,1.020609663028902148e+01,2.574737502998797334e-02,0.000000000000000000e+00,0.000000000000000000e+00
2.000000000000000000e+01,1.984980460054819957e+02,2.984417275570561578e+00,1.030669587524178077e+01,-8.016682454643521416e-03,0.000000000000000000e+00,0.000000000000000000e+00
2.010000000000000142e+01,1.992639900793620598e+02,3.100328690355694139e+00,1.022008536819856772e+01,3.016845187829376995e-02,0.000000000000000000e+00,0.000000000000000000e+00
2.020000000000000284e+01,2.004079132158929610e+02,3.116263644541840350e+00,1.025994734149784371e+01,3.439223899803620088e-02,0.000000000000000000e+00,0.000000000000000000e+00
2.030000000000000071e+01,2.012154805668738788e+02,3.064840345755365458e+00,1.018855485274920447e+01,1.646054940500553745e-02,0.000000000000000000e+00,0.000000000000000000e+00
2.040000000000000213e+01,2.023317182131637821e+02,3.052465888780107495e+00,1.022037987125430902e+01,1.187857005150336036e-02,0.000000000000000000e+00,0.000000000000000000e+00
2.050000000000000000e+01,2.033444638100476141e+02,3.041999178536516801e+00,1.021734283457303860e+01,8.069501844235115601e-03,0.000000000000000000e+00,0.000000000000000000e+00
2.060000000000000142e+01,2.042470517175248688e+02,2.983469763148730358e+00,1.017839215350549154e+01,-1.132841800099421842e-02,0.000000000000000000e+00,0.000000000000000000e+00
2.070000000000000284e+01,2.050887927120914753e+02,3.240693306780200622e+00,1.012079930596109634e+01,7.316692699477139739e-02,0.000000000000000000e+00,0.000000000000000000e+00
2.080000000000000071e+01,2.060677452677226995e+02,3.313557836513048471e+00,1.010995909123467129e+01,9.461603453943159825e-02,0.000000000000000000e+00,0.000000000000000000e+00
2.090000000000000213e+01,2.069762643733581342e+02,3.426820563446219658e+00,1.007640368529220964e+01,1.286050810072549011e-01,0.000000000000000000e+00,0.000000000000000000e+00
2.100000000000000000e+01,2.077770519829523721e+02,3.552967144810373235e+00,1.000862007897635308e+01,1.657278084520985573e-01,0.000000000000000000e+00,0.000000000000000000e+00
2.110000000000000142e+01,2.088346896736242115e+02,3.833575150316206326e+00,1.002724029717789023e+01,2.523211043112847940e-01,0.000000000000000000e+00,0.000000000000000000e+00
2.120000000000000284e+01,2.097239963104533160e+02,3.832225710397964669e+00,9.990010843944821417e+00,2.435956649373998695e-01,0.000000000000000000e+00,0.000000000000000000e+00
2.130000000000000071e+01,2.108429409984723293e+02,3.984400731264651885e+00,1.002941915475361334e+01,2.855903274278147053e-01,0.000000000000000000e+00,0.000000000000000000e+00
2.140000000000000213e+01,2.118558305055743176e+02,3.978802636743612453e+00,1.003269064584889492e+01,2.743569815207509976e-01,0.000000000000000000e+00,0.000000000000000000e+00
2.150000000000000000e+01,2.126441658270321966e+02,3.851788580683432883e+00,9.961935568363525562e+00,2.235129206120487488e-01,0.000000000000000000e+00,0.000000000000000000e+00
2.160000000000000142e+01,2.137858063278946190e+02,3.983986529054564851e+00,1.000986324228163937e+01,2.597095884751678962e-01,0.000000000000000000e+00,0.000000000000000000e+00
2.170000000000000284e+01,2.148294259800981081e+02,4.236248456046185495e+00,1.002392563363313194e+01,3.343505396857304190e-01,0.000000000000000000e+00,0.000000000000000000e+00
2.180000000000000071e+01,2.161430781066538600e+02,4.200970519961791716e+00,1.012669335539795057e+01,3.116637590099315958e-01,0.000000000000000000e+00,0.000000000000000000e+00
2.190000000000000213e+01,2.169018066561451690e+02,3.941513782348217365e+00,1.004276989822144728e+01,2.156173664588491024e-01,0.000000000000000000e+00,0.000000000000000000e+00
2.200000000000000000e+01,2.178864979844644267e+02,4.069675471816537105e+00,1.003629107404320031e+01,2.508800177430608458e-01,0.000000000000000000e+00,0.000000000000000000e+00
2.210000000000000142e+01,2.190173969536699303e+02,3.773434780667566102e+00,1.007842951888248351e+01,1.444896185519441156e-01,0.000000000000000000e+00,0.000000000000000000e+00
2.220000000000000284e+01,2.200768571076368403e+02,3.971416692331311005e+00,1.009553473111943056e+01,2.053098477105212982e-01,0.000000000000000000e+00,0.000000000000000000e+00
2.230000000000000071e+01,2.211186041236144604e+02,3.854530929227812486e+00,1.010621220357876382e+01,1.597335174817355319e-01,0.000000000000000000e+00,0.000000000000000000e+00
2.240000000000000213e+01,2.224784903309456183e+02,3.846345825209934066e+00,1.022214434233707436e+01,1.517145589530619343e-01,0.000000000000000000e+00,0.000000000000000000e+00
2.250000000000000000e+01,2.235007047651793357e+02,3.861517281105240063e+00,1.022214434233707436e+01,1.517145589530619343e-01,0.000000000000000000e+00,0.000000000000000000e+00
2.260000000000000142e+01,2.245227469493945875e+02,3.892700220951599288e+00,1.022208720434674056e+01,1.570258153660873679e-01,0.000000000000000000e+00,0.000000000000000000e+00
2.270000000000000284e+01,2.256144245755631061e+02,3.815071421320338718e+00,1.024510406220087333e+01,1.261026978795316278e-01,0.000000000000000000e+00,0.000000000000000000e+00
2.280000000000000071e+01,2.268676595227759663e+02,3.952230849614331465e+00,1.032081422651174307e+01,1.673297442399443724e-01,0.000000000000000000e+00,0.000000000000000000e+00
2.290000000000000213e+01,2.280618715740789355e+02,3.917037510835924774e+00,1.037444077779069218e+01,1.501545249687242789e-01,0.000000000000000000e+00,0.000000000000000000e+00
2.300000000000000000e+01,2.292909231831748968e+02,3.890123462727128612e+00,1.043778108762625223e+01,1.362937568592444970e-01,0.000000000000000000e+00,0.000000000000000000e+00
2.310000000000000142e+01,2.304195076552268802e+02,4.010686371738930056e+00,1.046580446801040232e+01,1.716288303606084420e-01,0.000000000000000000e+00,0.000000000000000000e+00
2.320000000000000284e+01,2.315898194009310487e+02,4.228213333748269243e+00,1.050667971557049007e+01,2.378200964572620701e-01,0.000000000000000000e+00,0.000000000000000000e+00
2.330000000000000071e+01,2.327057992904573496e+02,3.969926300271203967e+00,1.052825314797004097e+01,1.446487791383759269e-01,0.000000000000000000e+00,0.000000000000000000e+00
2.340000000000000213e+01,2.336016277548887672e+02,4.127961686549294740e+00,1.047639531726873052e+01,1.920717376188702530e-01,0.000000000000000000e+00,0.000000000000000000e+00
2.350000000000000000e+01,2.346125743768043606e+02,4.151126355804679591e+00,1.046427409205628045e+01,1.933790663208089788e-01,0.000000000000000000e+00,0.000000000000000000e+00
2.360000000000000142e+01,2.355546062579579427e+02,4.254965733318331722e+00,1.042978150691848427e+01,2.212985972915105792e-01,0.000000000000000000e+00,0.000000000000000000e+00
2.370000000000000284e+01,2.365620633787605414e+02,4.415544100619672285e+00,1.041804221358157889e+01,2.670542425392243291e-01,0.000000000000000000e+00,0.000000000000000000e+00
2.380000000000000071e+01,2.375512507030879021e+02,4.525297108774062771e+00,1.040064730243420676e+01,2.945094028484169235e-01,0.000000000000000000e+00,0.000000000000000000e+00
2.390000000000000213e+01,2.387020314114595010e+02,4.387764983846362377e+00,1.043726332899015397e+01,2.392847058030062590e-01,0.000000000000000000e+00,0.000000000000000000e+00
2.400000000000000000e+01,2.399048715553091142e+02,4.231531492705037145e+00,1.048990768198838097e+01,1.796763672617891494e-01,0.000000000000000000e+00,0.000000000000000000e+00
2.410000000000000142e+01,2.408487505398496751e+02,4.294757465634660321e+00,1.045511455377778631e+01,1.946573621542736776e-01,0.000000000000000000e+00,0.000000000000000000e+00
2.420000000000000284e+01,2.418219711640638252e+02,4.182436382225642291e+00,1.043117395303529804e+01,1.510134369017145928e-01,0.000000000000000000e+00,0.000000000000000000e+00
2.430000000000000071e+01,2.428343417550777303e+02,4.020120787152396069e+00,1.042098639848974528e+01,9.222863689679763888e-02,0.000000000000000000e+00,0.000000000000000000e+00
2.440000000000000213e+01,2.440296349915847998e+02,4.073689492734409612e+00,1.047177158441615674e+01,1.069296242337826192e-01,0.000000000000000000e+00,0.000000000000000000e+00
2.450000000000000000e+01,2.450737455693694642e+02,4.030738382848696233e+00,1.047075445889348089e+01,8.913692246283186349e-02,0.000000000000000000e+00,0.000000000000000000e+00
2.460000000000000142e+01,2.461857974585502689e+02,4.233541463246861980e+00,1.049231716703992134e+01,1.534799378331457020e-01,0.000000000000000000e+00,0.000000000000000000e+00
2.470000000000000284e+01,2.473504461206092344e+02,4.131725720110781097e+00,1.053063869396840602e+01,1.145784291717489300e-01,0.000000000000000000e+00,0.000000000000000000e+00
2.480000000000000071e+01,2.484035099900060857e+02,4.143183563027956318e+00,1.053063869396840602e+01,1.145784291717489300e-01,0.000000000000000000e+00,0.000000000000000000e+00
2.490000000000000213e+01,2.494565738594029369e+02,4.154641405945131538e+00,1.053063869396840602e+01,1.145784291717489300e-01,0.000000000000000000e+00,0.000000000000000000e+00
2.500000000000000000e+01,2.506157312358531613e+02,4.095953881609021074e+00,1.056570264104551526e+01,9.139535686708873119e-02,0.000000000000000000e+00,0.000000000000000000e+00
2.510000000000000142e+01,2.516256812602360355e+02,4.329507423092146645e+00,1.055034041604235107e+01,1.653438923419810469e-01,0.000000000000000000e+00,0.000000000000000000e+00
2.520000000000000284e+01,2.526049180918417960e+02,4.210752082835168331e+00,1.052542608580183092e+01,1.208745378794474079e-01,0.000000000000000000e+00,0.000000000000000000e+00
2.530000000000000071e+01,2.533669851791189842e+02,3.964258337138791610e+00,1.043014331776839398e+01,3.605385372075366190e-02,0.000000000000000000e+00,0.000000000000000000e+00
2.540000000000000213e+01,2.544847256535540510e+02,3.829156335370262010e+00,1.045461494150723247e+01,-9.370610424648415093e-03,0.000000000000000000e+00,0.000000000000000000e+00
2.550000000000000000e+01,2.555301871477047655e+02,3.828219274327797184e+00,1.045461494150723247e+01,-9.370610424648415093e-03,0.000000000000000000e+00,0.000000000000000000e+00
2.560000000000000142e+01,2.566571385209952041e+02,3.626096167042641483e+00,1.048118483768083919e+01,-7.496761973030696691e-02,0.000000000000000000e+00,0.000000000000000000e+00
2.570000000000000284e+01,2.575884073085954924e+02,3.698662507269125044e+00,1.044318213609855306e+01,-4.892891975566556612e-02,0.000000000000000000e+00,0.000000000000000000e+00
2.580000000000000071e+01,2.588519328775589656e+02,3.753402462269129991e+00,1.051433185174647811e+01,-2.957345561650117846e-02,0.000000000000000000e+00,0.000000000000000000e+00
2.590000000000000213e+01,2.600653368204815479e+02,3.964803032001388061e+00,1.056682420574927228e+01,3.989681006205990366e-02,0.000000000000000000e+00,0.000000000000000000e+00
2.600000000000000000e+01,2.612464243701402893e+02,3.786582939190660468e+00,1.060709866965315129e+01,-1.909111923448101461e-02,0.000000000000000000e+00,0.000000000000000000e+00
2.610000000000000142e+01,2.622563645163763226e+02,3.836099594084620090e+00,1.059067386833208069e+01,-2.454076709399510836e-03,0.000000000000000000e+00,0.000000000000000000e+00
2.620000000000000284e+01,2.632230992190099528e+02,3.856710467130483710e+00,1.056081258596924677e+01,4.291046027171798415e-03,0.000000000000000000e+00,0.000000000000000000e+00
2.630000000000000071e+01,2.640295136428595697e+02,3.695380351541328157e+00,1.048006899555455362e+01,-4.802275141489695254e-02,0.000000000000000000e+00,0.000000000000000000e+00
2.640000000000000213e+01,2.651395004060998986e+02,3.343757068790592424e+00,1.050011889813588617e+01,-1.602160832860586304e-01,0.000000000000000000e+00,0.000000000000000000e+00
2.650000000000000000e+01,2.660200184884360510e+02,3.312487150121702140e+00,1.044526155623705499e+01,-1.651512593031994325e-01,0.000000000000000000e+00,0.000000000000000000e+00
2.660000000000000142e+01,2.670645446440597652e+02,3.295972024191382133e+00,1.044526155623705499e+01,-1.651512593031994325e-01,0.000000000000000000e+00,0.000000000000000000e+00
2.670000000000000284e+01,2.678521936659712424e+02,3.271918383043162404e+00,1.036217287194934933e+01,-1.675896441523538061e-01,0.000000000000000000e+00,0.000000000000000000e+00
2.680000000000000071e+01,2.687851410534931347e+02,3.195766923030613604e+00,1.032879918494973914e+01,-1.867834902243101225e-01,0.000000000000000000e+00,0.000000000000000000e+00
2.690000000000000213e+01,2.698007401290910821e+02,3.188972570769730730e+00,1.032321733450737078e+01,-1.829448642397044078e-01,0.000000000000000000e+00,0.000000000000000000e+00
2.700000000000000000e+01,2.707747434655775578e+02,3.165090969490802042e+00,1.030438291974175513e+01,-1.847492697789363258e-01,0.000000000000000000e+00,0.000000000000000000e+00
2.710000000000000142e+01,2.717473333656824366e+02,3.204373119978701556e+00,1.028569744811905196e+01,-1.660932934047748832e-01,0.000000000000000000e+00,0.000000000000000000e+00
2.720000000000000284e+01,2.730437570498431228e+02,3.188125826488111159e+00,1.037225270054660520e+01,-1.659763038826085613e-01,0.000000000000000000e+00,0.000000000000000000e+00
2.730000000000000071e+01,2.740809823198977710e+02,3.171528196099850483e+00,1.037225270054660520e+01,-1.659763038826085613e-01,0.000000000000000000e+00,0.000000000000000000e+00
2.740000000000000213e+01,2.751582293428867274e+02,2.949305576017150265e+00,1.038517614393510513e+01,-2.323747676864731104e-01,0.000000000000000000e+00,0.000000000000000000e+00
2.750000000000000000e+01,2.763099713650803437e+02,2.794148457891915349e+00,1.042170387173387880e+01,-2.749338310934889562e-01,0.000000000000000000e+00,0.000000000000000000e+00
2.760000000000000142e+01,2.772397712978186064e+02,2.832947566121159610e+00,1.038547021916008184e+01,-2.535579355212153052e-01,0.000000000000000000e+00,0.000000000000000000e+00
2.770000000000000284e+01,2.783164566390470895e+02,2.945176340717946761e+00,1.039776601094127884e+01,-2.092006792822713179e-01,0.000000000000000000e+00,0.000000000000000000e+00
2.780000000000000071e+01,2.795703153160098964e+02,2.816088767794283410e+00,1.046679785137071761e+01,-2.440798344576718404e-01,0.000000000000000000e+00,0.000000000000000000e+00
2.790000000000000213e+01,2.806305474578084613e+02,3.012270899272622593e+00,1.047116984996096001e+01,-1.729173277764700090e-01,0.000000000000000000e+00,0.000000000000000000e+00
2.800000000000000000e+01,2.818070529702413864e+02,3.050352258155847096e+00,1.051293966070006469e+01,-1.550415268493514631e-01,0.000000000000000000e+00,0.000000000000000000e+00
2.810000000000000142e+01,2.830245745298059887e+02,2.901438803044503079e+00,1.056665045753802090e+01,-1.981482084073210304e-01,0.000000000000000000e+00,0.000000000000000000e+00
2.820000000000000284e+01,2.840812395755597777e+02,2.881623982203771028e+00,1.056665045753802090e+01,-1.981482084073210304e-01,0.000000000000000000e+00,0.000000000000000000e+00
2.830000000000000071e+01,2.852022084034915679e+02,3.020075775939062179e+00,1.058742941944720073e+01,-1.470063339423591520e-01,0.000000000000000000e+00,0.000000000000000000e+00
2.840000000000000213e+01,2.864609631875907780e+02,2.829064390099333526e+00,1.065202170183445674e+01,-2.039445321370141062e-01,0.000000000000000000e+00,0.000000000000000000e+00
2.850000000000000000e+01,2.874405007873833142e+02,2.814884347230955264e+00,1.062436367803128690e+01,-2.019381214532358082e-01,0.000000000000000000e+00,0.000000000000000000e+00
2.860000000000000142e+01,2.884168583550689959e+02,2.689014419793235522e+00,1.059656972017115351e+01,-2.360598505113997159e-01,0.000000000000000000e+00,0.000000000000000000e+00
2.870000000000000284e+01,2.895323463622241889e+02,2.572073140331709862e+00,1.061460348245781837e+01,-2.662077155508182358e-01,0.000000000000000000e+00,0.000000000000000000e+00
2.880000000000000071e+01,2.902993768543874467e+02,2.558151498750563135e+00,1.051944334758057664e+01,-2.621033392582025612e-01,0.000000000000000000e+00,0.000000000000000000e+00
2.890000000000000213e+01,2.912676246254541752e+02,2.391709059624207434e+00,1.049237047443808457e+01,-3.074634571311611331e-01,0.000000000000000000e+00,0.000000000000000000e+00
2.900000000000000000e+01,2.920820184517485814e+02,2.471130822571895980e+00,1.041633168752186123e+01,-2.717926410930260328e-01,0.000000000000000000e+00,0.000000000000000000e+00
2.910000000000000142e+01,2.928157430463878654e+02,2.174447809817695809e+00,1.031652187460526093e+01,-3.591533740965382471e-01,0.000000000000000000e+00,0.000000000000000000e+00
2.920000000000000284e+01,2.938283888173821765e+02,2.286511100909061955e+00,1.031035311462419912e+01,-3.111251388333005630e-01,0.000000000000000000e+00,0.000000000000000000e+00
2.930000000000000071e+01,2.950577891501244494e+02,2.069201775965742840e+00,1.037482193973442790e+01,-3.716392837710528196e-01,0.000000000000000000e+00,0.000000000000000000e+00
2.940000000000000213e+01,2.960805186219507164e+02,1.811176552674975238e+00,1.037002046450408876e+01,-4.435216134380157715e-01,0.000000000000000000e+00,0.000000000000000000e+00
2.950000000000000000e+01,2.972645901688200638e+02,1.566751793309494545e+00,1.041795679477987235e+01,-5.087339525741531032e-01,0.000000000000000000e+00,0.000000000000000000e+00
2.960000000000000142e+01,2.982899002470533105e+02,1.666100774031070042e+00,1.041257533351470421e+01,-4.596962568607577682e-01,0.000000000000000000e+00,0.000000000000000000e+00
2.970000000000000284e+01,2.993064171120284414e+02,1.818876838237378113e+00,1.040448686167440506e+01,-3.947202872700435461e-01,0.000000000000000000e+00,0.000000000000000000e+00
2.980000000000000071e+01,3.002390770585132032e+02,1.818630154825208178e+00,1.036919390815381092e+01,-3.818768465442238802e-01,0.000000000000000000e+00,0.000000000000000000e+00
2.990000000000000213e+01,3.014052711879095909e+02,1.749671717886772893e+00,1.041158573666305465e+01,-3.919672050182979595e-01,0.000000000000000000e+00,0.000000000000000000e+00
3.000000000000000000e+01,3.026389028944731194e+02,1.772506762501774080e+00,1.047479517032891749e+01,-3.715955682952565842e-01,0.000000000000000000e+00,0.000000000000000000e+00
3.010000000000000142e+01,3.034691675711922585e+02,2.241834530139196868e+00,1.040335708100071699e+01,-2.050209149400464281e-01,0.000000000000000000e+00,0.000000000000000000e+00
3.020000000000000284e+01,3.046092554590636041e+02,2.186181138791346346e+00,1.043620992760156518e+01,-2.165978074407089726e-01,0.000000000000000000e+00,0.000000000000000000e+00
3.030000000000000071e+01,3.054793438205275038e+02,2.126918485302983886e+00,1.037898031201460824e+01,-2.289989214908225712e-01,0.000000000000000000e+00,0.000000000000000000e+00
3.040000000000000213e+01,3.064807073908692132e+02,2.141139818173335208e+00,1.036691585282622619e+01,-2.167407002462567733e-01,0.000000000000000000e+00,0.000000000000000000e+00
3.050000000000000000e+01,3.075948624198148309e+02,2.310229702531493956e+00,1.039252776327421657e+01,-1.536679902643726114e-01,0.000000000000000000e+00,0.000000000000000000e+00
3.060000000000000142e+01,3.086795445936486999e+02,2.295701642809728327e+00,1.040756594380864009e+01,-1.533903481696656246e-01,0.000000000000000000e+00,0.000000000000000000e+00
3.070000000000000284e+01,3.097958669964037313e+02,2.192512838084932358e+00,1.043260793799315955e+01,-1.825031635351946346e-01,0.000000000000000000e+00,0.000000000000000000e+00
3.080000000000000071e+01,3.108401528096275683e+02,2.252769270140043467e+00,1.043294797987905298e+01,-1.564591860784450006e-01,0.000000000000000000e+00,0.000000000000000000e+00
3.090000000000000213e+01,3.120122194696018596e+02,2.082843051217500907e+00,1.047570911375245117e+01,-2.076908796644405253e-01,0.000000000000000000e+00,0.000000000000000000e+00
3.100000000000000000e+01,3.130597903809771196e+02,2.062073963251056963e+00,1.047570911375245117e+01,-2.076908796644405253e-01,0.000000000000000000e+00,0.000000000000000000e+00
3.110000000000000142e+01,3.139778118800272750e+02,1.961175038226103062e+00,1.043270582617327769e+01,-2.342895833162325081e-01,0.000000000000000000e+00,0.000000000000000000e+00
3.120000000000000284e+01,3.152169848540028738e+02,1.866862104712162740e+00,1.049766504597682903e+01,-2.577939810547788535e-01,0.000000000000000000e+00,0.000000000000000000e+00
3.130000000000000071e+01,3.165311229413535443e+02,1.670953667702573586e+00,1.058525182756516436e+01,-3.141580381034249636e-01,0.000000000000000000e+00,0.000000000000000000e+00
3.140000000000000213e+01,3.176181299558978708e+02,1.242656027136212371e+00,1.059468145532707162e+01,-4.455557660989049040e-01,0.000000000000000000e+00,0.000000000000000000e+00
3.150000000000000000e+01,3.186058956612119459e+02,1.128985377841433824e+00,1.057095482703539169e+01,-4.684262239793576255e-01,0.000000000000000000e+00,0.000000000000000000e+00
3.160000000000000142e+01,3.197480461426419538e+02,1.290393039712384393e+00,1.059908956436601990e+01,-3.995405954488747691e-01,0.000000000000000000e+00,0.000000000000000000e+00
3.170000000000000284e+01,3.208244537428781769e+02,1.407915898068296201e+00,1.060454577171799784e+01,-3.474619684020322508e-01,0.000000000000000000e+00,0.000000000000000000e+00
3.180000000000000071e+01,3.219865105033557029e+02,1.455229611007282653e+00,1.063814253739303339e+01,-3.203272408748645272e-01,0.000000000000000000e+00,0.000000000000000000e+00
3.190000000000000213e+01,3.229957817045466300e+02,1.551148762217162469e+00,1.062010688728801711e+01,-2.780176313952912870e-01,0.000000000000000000e+00,0.000000000000000000e+00
3.200000000000000000e+01,3.239282108953611896e+02,1.521662233414276422e+00,1.057725463152098300e+01,-2.785747789069019653e-01,0.000000000000000000e+00,0.000000000000000000e+00
3.210000000000000142e+01,3.248841531011630082e+02,1.355839021964448943e+00,1.054358949219676589e+01,-3.242073884651938132e-01,0.000000000000000000e+00,0.000000000000000000e+00
3.220000000000000284e+01,3.257789589160557853e+02,1.194223788608274495e+00,1.049080420936916447e+01,-3.669490617092167617e-01,0.000000000000000000e+00,0.000000000000000000e+00
3.230000000000000426e+01,3.269224627635600200e+02,1.095703022172251906e+00,1.052205177269354763e+01,-3.874091059371211898e-01,0.000000000000000000e+00,0.000000000000000000e+00
3.239999999999999858e+01,3.278406433138368925e+02,1.202319122237003768e+00,1.047768364722069734e+01,-3.392894563475219449e-01,0.000000000000000000e+00,0.000000000000000000e+00
3.250000000000000000e+01,3.289888255199050491e+02,1.242009529950410140e+00,1.051093791610285422e+01,-3.149087759716749368e-01,0.000000000000000000e+00,0.000000000000000000e+00
3.260000000000000142e+01,3.301952840454482612e+02,1.057706479140095190e+00,1.056241184578684056e+01,-3.655370161115920058e-01,0.000000000000000000e+00,0.000000000000000000e+00
3.270000000000000284e+01,3.310400733299176181e+02,8.448644507092912814e-01,1.049232476126108615e+01,-4.239689093994795099e-01,0.000000000000000000e+00,0.000000000000000000e+00
3.280000000000000426e+01,3.323112719993715132e+02,6.195319201856642755e-01,1.056593060594157762e+01,-4.846318962798254470e-01,0.000000000000000000e+00,0.000000000000000000e+00
3.289999999999999858e+01,3.335235706800326625e+02,4.582853893446535709e-01,1.061758814778384341e+01,-5.220493649962069105e-01,0.000000000000000000e+00,0.000000000000000000e+00
3.300000000000000000e+01,3.346771750757797008e+02,1.424875318961112414e-01,1.064807371448104689e+01,-6.095416481060720315e-01,0.000000000000000000e+00,0.000000000000000000e+00
3.310000000000000142e+01,3.359306254673628587e+02,6.947636580032406917e-02,1.071071833994106548e+01,-6.135455403738078184e-01,0.000000000000000000e+00,0.000000000000000000e+00
3.320000000000000284e+01,3.371423813047383646e+02,2.749210867193947402e-02,1.075745886217737635e+01,-6.071099985095050888e-01,0.000000000000000000e+00,0.000000000000000000e+00
3.330000000000000426e+01,3.382181271909561247e+02,-3.321889117901104249e-02,1.075745886217737635e+01,-6.071099985095050888e-01,0.000000000000000000e+00,0.000000000000000000e+00
3.339999999999999858e+01,3.394239404419276980e+02,-1.133460362651289299e-01,1.080062017325649570e+01,-6.135530158339399520e-01,0.000000000000000000e+00,0.000000000000000000e+00
3.350000000000000000e+01,3.406182331085109922e+02,-3.862856857288965440e-01,1.083847315251182231e+01,-6.836664046933874639e-01,0.000000000000000000e+00,0.000000000000000000e+00
3.360000000000000142e+01,3.415586035230182347e+02,-3.422000431948418742e-01,1.079098362994455584e+01,-6.464457426652815419e-01,0.000000000000000000e+00,0.000000000000000000e+00
3.370000000000000284e+01,3.426489442473346685e+02,-4.319117952536656313e-01,1.079470129249579280e+01,-6.547350428820595258e-01,0.000000000000000000e+00,0.000000000000000000e+00
3.380000000000000426e+01,3.437212142778093380e+02,-4.198068696936448907e-01,1.079232205952560619e+01,-6.290996781680926464e-01,0.000000000000000000e+00,0.000000000000000000e+00
3.389999999999999858e+01,3.447389980171110437e+02,-4.084029567170911479e-01,1.077202763576273981e+01,-6.045562278513786358e-01,0.000000000000000000e+00,0.000000000000000000e+00
3.400000000000000000e+01,3.457169809050591880e+02,-5.225863193096691450e-01,1.073927060426246172e+01,-6.222942188957084619e-01,0.000000000000000000e+00,0.000000000000000000e+00
3.410000000000000142e+01,3.469560689853587974e+02,-4.343376480153027241e-01,1.079378597408566698e+01,-5.726253024255681945e-01,0.000000000000000000e+00,0.000000000000000000e+00
3.420000000000000284e+01,3.479105890343319061e+02,-3.821351225613925928e-01,1.075257685554022125e+01,-5.364967512506263470e-01,0.000000000000000000e+00,0.000000000000000000e+00
3.430000000000000426e+01,3.488783541833295203e+02,-3.477601509657525791e-01,1.071709811311115956e+01,-5.074435363162669299e-01,0.000000000000000000e+00,0.000000000000000000e+00
3.439999999999999858e+01,3.497363345122072928e+02,-5.632171460582466871e-01,1.064654535798972468e+01,-5.618156824801319171e-01,0.000000000000000000e+00,0.000000000000000000e+00
3.450000000000000000e+01,3.507881586002535528e+02,-6.460730800945979624e-01,1.064230902847179294e+01,-5.706229669443318997e-01,0.000000000000000000e+00,0.000000000000000000e+00
3.460000000000000142e+01,3.520981208388709547e+02,-5.856838764215265281e-01,1.072346864040834902e+01,-5.318313404661131338e-01,0.000000000000000000e+00,0.000000000000000000e+00
3.470000000000000284e+01,3.534202217938771469e+02,-4.891555023434934202e-01,1.080598716332695908e+01,-4.823667952944551418e-01,0.000000000000000000e+00,0.000000000000000000e+00
3.480000000000000426e+01,3.544885209165059337e+02,-5.925577976214754239e-01,1.080192168050566615e+01,-5.006011263261233024e-01,0.000000000000000000e+00,0.000000000000000000e+00
3.489999999999999858e+01,3.557360700485235157e+02,-6.536019701255493253e-01,1.085726515185077368e+01,-5.042334580100862329e-01,0.000000000000000000e+00,0.000000000000000000e+00
3.500000000000000000e+01,3.568174601693888235e+02,-8.946643739673134643e-01,1.085583043132063175e+01,-5.673074661031420884e-01,0.000000000000000000e+00,0.000000000000000000e+00
3.510000000000000142e+01,3.579066599669391735e+02,-1.319247167653893271e+00,1.085702768052433775e+01,-6.890770195506393803e-01,0.000000000000000000e+00,0.000000000000000000e+00
3.520000000000000284e+01,3.589508573354081022e+02,-1.491970079645940528e+00,1.084328077679991509e+01,-7.234614059637369810e-01,0.000000000000000000e+00,0.000000000000000000e+00
3.530000000000000426e+01,3.601480686051099269e+02,-1.593304858002144497e+00,1.088068917826970861e+01,-7.330679610226376042e-01,0.000000000000000000e+00,0.000000000000000000e+00
3.539999999999999858e+01,3.612091211489481566e+02,-1.452764485195841671e+00,1.087173122675201498e+01,-6.621616072655476248e-01,0.000000000000000000e+00,0.000000000000000000e+00
3.550000000000000000e+01,3.621781572185416280e+02,-1.452388086730660444e+00,1.083253814164125117e+01,-6.400688956897861992e-01,0.000000000000000000e+00,0.000000000000000000e+00
3.560000000000000142e+01,3.630420720206764713e+02,-1.482749673970946702e+00,1.075973020272879133e+01,-6.289005900884483413e-01,0.000000000000000000e+00,0.000000000000000000e+00
3.570000000000000284e+01,3.642153380507193674e+02,-1.412924714344191202e+00,1.079204341576848591e+01,-5.848229253016553608e-01,0.000000000000000000e+00,0.000000000000000000e+00
3.580000000000000426e+01,3.652164081774441229e+02,-1.417166595033931609e+00,1.076607951007449415e+01,-5.667989016329678664e-01,0.000000000000000000e+00,0.000000000000000000e+00
3.589999999999999858e+01,3.663801114668675609e+02,-1.466834326162784752e+00,1.079503609183152513e+01,-5.644675695540406490e-01,0.000000000000000000e+00,0.000000000000000000e+00
3.600000000000000000e+01,3.674596150760507385e+02,-1.523281083118188883e+00,1.079503609183152513e+01,-5.644675695540406490e-01,0.000000000000000000e+00,0.000000000000000000e+00
3.610000000000000142e+01,3.686070332017362148e+02,-1.505117357504540454e+00,1.081758971913968992e+01,-5.396902891755857024e-01,0.000000000000000000e+00,0.000000000000000000e+00
3.620000000000000284e+01,3.697883609619764798e+02,-1.690857258075499470e+00,1.085060956171153279e+01,-5.833892586085788201e-01,0.000000000000000000e+00,0.000000000000000000e+00
3.630000000000000426e+01,3.707499486422923383e+02,-1.391242320743804273e+00,1.080970927475092225e+01,-4.648177246323553780e-01,0.000000000000000000e+00,0.000000000000000000e+00
3.639999999999999858e+01,3.721441895904451940e+02,-1.637842761744404685e+00,1.091338302780195946e+01,-5.310451069332792207e-01,0.000000000000000000e+00,0.000000000000000000e+00
3.650000000000000000e+01,3.733283489968213189e+02,-1.602569518650173608e+00,1.094407889864206318e+01,-5.018186486139426528e-01,0.000000000000000000e+00,0.000000000000000000e+00
3.660000000000000142e+01,3.745508089487840948e+02,-1.637128856549069367e+00,1.098640240738802376e+01,-4.966551225785518220e-01,0.000000000000000000e+00,0.000000000000000000e+00
3.670000000000000284e+01,3.755425545189151535e+02,-1.716461237050598720e+00,1.095108539892383703e+01,-5.064567808923911008e-01,0.000000000000000000e+00,0.000000000000000000e+00
3.680000000000000426e+01,3.765972267754239056e+02,-1.752645305336544723e+00,1.093772881425578802e+01,-5.016799394121496114e-01,0.000000000000000000e+00,0.000000000000000000e+00
3.689999999999999858e+01,3.776836455393106462e+02,-1.825413467690242930e+00,1.093529992516887184e+01,-5.091442343638374890e-01,0.000000000000000000e+00,0.000000000000000000e+00
3.700000000000000000e+01,3.789428257462180341e+02,-1.716049420127774505e+00,1.099001059705420147e+01,-4.562077327760465928e-01,0.000000000000000000e+00,0.000000000000000000e+00
3.710000000000000142e+01,3.800418268059234492e+02,-1.761670193405379115e+00,1.099001059705420147e+01,-4.562077327760465928e-01,0.000000000000000000e+00,0.000000000000000000e+00
3.720000000000000284e+01,3.809952731695060493e+02,-1.889399568623857828e+00,1.094202533268286004e+01,-4.832766153078052462e-01,0.000000000000000000e+00,0.000000000000000000e+00
3.730000000000000426e+01,3.820894757027743367e+02,-1.937727230154638436e+00,1.094202533268286004e+01,-4.832766153078052462e-01,0.000000000000000000e+00,0.000000000000000000e+00
3.739999999999999858e+01,3.831836782360426241e+02,-1.986054891685419044e+00,1.094202533268286004e+01,-4.832766153078052462e-01,0.000000000000000000e+00,0.000000000000000000e+00
3.750000000000000000e+01,3.841919291053691268e+02,-1.855576924447438270e+00,1.091397238163560246e+01,-4.249179364785010682e-01,0.000000000000000000e+00,0.000000000000000000e+00
3.760000000000000142e+01,3.853210762619650609e+02,-1.703003751004558364e+00,1.092624121987930863e+01,-3.615212292104574288e-01,0.000000000000000000e+00,0.000000000000000000e+00
3.770000000000000284e+01,3.863847999932395396e+02,-1.783417291754614054e+00,1.091688129988734168e+01,-3.758560987185713409e-01,0.000000000000000000e+00,0.000000000000000000e+00
3.780000000000000426e+01,3.873192676313489073e+02,-1.670355782743668360e+00,1.086610611313280828e+01,-3.272038174295829882e-01,0.000000000000000000e+00,0.000000000000000000e+00
3.789999999999999858e+01,3.884115399243743809e+02,-1.986105876207567844e+00,1.086793055669362218e+01,-4.184084738056139674e-01,0.000000000000000000e+00,0.000000000000000000e+00
3.800000000000000000e+01,3.894707982227370735e+02,-2.410113237240069761e+00,1.085907218631937710e+01,-5.413575336014496697e-01,0.000000000000000000e+00,0.000000000000000000e+00
3.810000000000000142e+01,3.906145409258195400e+02,-2.462401705969022636e+00,1.087765778880582879e+01,-5.407639032694686598e-01,0.000000000000000000e+00,0.000000000000000000e+00
3.820000000000000284e+01,3.918025309677987593e+02,-2.316332889815489793e+00,1.090984362674831765e+01,-4.764896349278188170e-01,0.000000000000000000e+00,0.000000000000000000e+00
3.830000000000000426e+01,3.929020122909624888e+02,-2.281384018021240134e+00,1.091257162465358199e+01,-4.499711261109349270e-01,0.000000000000000000e+00,0.000000000000000000e+00
3.840000000000000568e+01,3.940889139527382667e+02,-2.395017878775434816e+00,1.094328216692701439e+01,-4.720097354460955907e-01,0.000000000000000000e+00,0.000000000000000000e+00
3.850000000000000000e+01,3.949363057369312173e+02,-2.347753808803694220e+00,1.086395918035952768e+01,-4.416648839307075747e-01,0.000000000000000000e+00,0.000000000000000000e+00
3.860000000000000142e+01,3.960157838974425886e+02,-2.437094930163617779e+00,1.086173542601673070e+01,-4.561865386558663360e-01,0.000000000000000000e+00,0.000000000000000000e+00
3.870000000000000284e+01,3.969912685532719934e+02,-2.490186494947508322e+00,1.082612007775789564e+01,-4.585910286875556907e-01,0.000000000000000000e+00,0.000000000000000000e+00
3.880000000000000426e+01,3.981631505653712111e+02,-2.580534263606309331e+00,1.085487674782083900e+01,-4.729222241810536187e-01,0.000000000000000000e+00,0.000000000000000000e+00
3.890000000000000568e+01,3.992998088000885559e+02,-2.532493768158203817e+00,1.087138216112925626e+01,-4.421720054578641701e-01,0.000000000000000000e+00,0.000000000000000000e+00
3.900000000000000000e+01,4.005855903204752622e+02,-2.535214718850766324e+00,1.093554934690616598e+01,-4.287675890185000949e-01,0.000000000000000000e+00,0.000000000000000000e+00
3.910000000000000142e+01,4.021828876215831770e+02,-2.721655956701678925e+00,1.109852675822830292e+01,-4.752154732878756671e-01,0.000000000000000000e+00,0.000000000000000000e+00
3.920000000000000284e+01,4.032626469957687050e+02,-2.960443381345295055e+00,1.108877452191615376e+01,-5.371983708943331992e-01,0.000000000000000000e+00,0.000000000000000000e+00
3.930000000000000426e+01,4.044528496938586386e+02,-3.149536243495585364e+00,1.111517430510854787e+01,-5.811431321087481283e-01,0.000000000000000000e+00,0.000000000000000000e+00
3.940000000000000568e+01,4.052223529985273558e+02,-3.404625543592639580e+00,1.100395622249442518e+01,-6.451965694060572964e-01,0.000000000000000000e+00,0.000000000000000000e+00
3.950000000000000000e+01,4.063743217964924952e+02,-3.357625918752858318e+00,1.102075659999280965e+01,-6.088682648900154426e-01,0.000000000000000000e+00,0.000000000000000000e+00
3.960000000000000142e+01,4.073102020719220491e+02,-3.530330230701840488e+00,1.096652181281993599e+01,-6.453578313230965424e-01,0.000000000000000000e+00,0.000000000000000000e+00
3.970000000000000284e+01,4.084409719252253126e+02,-3.714679150870706437e+00,1.097767491537837259e+01,-6.845248707501129237e-01,0.000000000000000000e+00,0.000000000000000000e+00
3.980000000000000426e+01,4.096600695142747668e+02,-3.798554549123704049e+00,1.101740596515515591e+01,-6.895752948763860246e-01,0.000000000000000000e+00,0.000000000000000000e+00
3.990000000000000568e+01,4.108479575660292085e+02,-3.978037041336845547e+00,1.104566336231521539e+01,-7.258288064766386105e-01,0.000000000000000000e+00,0.000000000000000000e+00
