t,px,py,vx,vy
0.000000000000000000e+00,0.000000000000000000e+00,0.000000000000000000e+00,1.000000000000000000e+01,0.000000000000000000e+00
1.000000000000000056e-01,9.991052212804043542e-01,3.944540686958871584e-03,9.982104425608087084e+00,7.889081924275813396e-02
2.000000000000000111e-01,1.997654108847851218e+00,1.395808487628564382e-02,9.988873325740852849e+00,1.213800649682651167e-01
3.000000000000000444e-01,2.996269367813895190e+00,2.779782324038359079e-02,9.983431853580025717e+00,1.554147067166546381e-01
4.000000000000000222e-01,3.996522369304269073e+00,4.403933444744567022e-02,1.002162817622745727e+01,1.694155199720281391e-01
5.000000000000000000e-01,5.001937247439559364e+00,6.605621185084206703e-02,1.008666938647836098e+01,2.709220326129078149e-01
6.000000000000000888e-01,6.009758588987022421e+00,9.349488814006570725e-02,1.006975744447090015e+01,2.778514921462890697e-01
7.000000000000000666e-01,7.014045730357454822e+00,1.240310511030020962e-01,1.001598538293774254e+01,3.328717640224167496e-01
8.000000000000000444e-01,8.011282202258657392e+00,1.535028915551600037e-01,9.928744055086296427e+00,2.565650413288289577e-01
9.000000000000000222e-01,9.004632309495397280e+00,1.755506104672406309e-01,9.938258089648511984e+00,1.843893354074715996e-01
1.000000000000000000e+00,9.997500339280813719e+00,1.939265267228975076e-01,9.919102506059799040e+00,1.831289878363569212e-01
1.100000000000000089e+00,1.099021457519752332e+01,2.107357582070482072e-01,9.935182212274391134e+00,1.530556423695213497e-01
1.200000000000000178e+00,1.198269798384282758e+01,2.223960880162151044e-01,9.914485960631665762e+00,8.015095596240214004e-02
1.300000000000000044e+00,1.297690773438067779e+01,2.329589611246932757e-01,9.969709050125320715e+00,1.311065036409749807e-01
1.400000000000000133e+00,1.397375304987000355e+01,2.453729587799489409e-01,9.967197259661215725e+00,1.171734508364172672e-01
1.500000000000000000e+00,1.496623343876071388e+01,2.604181370939595008e-01,9.882410518153006862e+00,1.837301122883513715e-01
1.600000000000000089e+00,1.595174102029987928e+01,2.778896172100231987e-01,9.827741112630313580e+00,1.656994910831131318e-01
1.700000000000000178e+00,1.693052180373952709e+01,2.944830448016468316e-01,9.747874556162622994e+00,1.661690662988905831e-01
1.800000000000000044e+00,1.790314162241918439e+01,3.082590606713216386e-01,9.704521817430507014e+00,1.093512498756945561e-01
1.900000000000000133e+00,1.887028327244689052e+01,3.234940148734749554e-01,9.638311183123681403e+00,1.953478316293922601e-01
2.000000000000000000e+00,1.983232004370927726e+01,3.424295241905107035e-01,9.602424242124076414e+00,1.833623565209775430e-01
2.100000000000000089e+00,2.079502080282394871e+01,3.616074730208261312e-01,9.651590940169342048e+00,2.001966180384822380e-01
2.200000000000000178e+00,2.175604481743567575e+01,3.806541020155362332e-01,9.568889352065252041e+00,1.807359595868230917e-01
2.300000000000000266e+00,2.271286257735013692e+01,3.972198442207933167e-01,9.567465846223987214e+00,1.505788862174966269e-01
2.400000000000000355e+00,2.367205332180964561e+01,4.131632307471030385e-01,9.616349042966184868e+00,1.682888447998748260e-01
2.500000000000000000e+00,2.463157630577000035e+01,4.353209891373211460e-01,9.574110636240890315e+00,2.748663191265884320e-01
2.600000000000000089e+00,2.558515621859972811e+01,4.626550281960508659e-01,9.497487620353640025e+00,2.718144617578731603e-01
2.700000000000000178e+00,2.653731978089883370e+01,4.923557089527620945e-01,9.545783625628530444e+00,3.221991519086793154e-01
2.800000000000000266e+00,2.749170237293443364e+01,5.266985937541799334e-01,9.541868215083495031e+00,3.646585411721028347e-01
2.900000000000000355e+00,2.844518048921755593e+01,5.658209631204483836e-01,9.527694110578888598e+00,4.177888486782938005e-01
3.000000000000000000e+00,2.939642580859947785e+01,6.052872107557591974e-01,9.497212277059510654e+00,3.715361026854936410e-01
3.100000000000000089e+00,3.034922152086326363e+01,6.416492664832285087e-01,9.558701968216189115e+00,3.557050137064121098e-01
3.200000000000000178e+00,3.130497507302160187e+01,6.747502918237130443e-01,9.556369074950605835e+00,3.063154892933061535e-01
3.300000000000000266e+00,3.226322391698168701e+01,7.052940015877018354e-01,9.608607804251102280e+00,3.045587082608890439e-01
3.400000000000000355e+00,3.322109613005802942e+01,7.405870148861262159e-01,9.548836457275738709e+00,4.013015609482286083e-01
3.500000000000000000e+00,3.417959539941731606e+01,7.821485485467007948e-01,9.621148929909901781e+00,4.299291130881837120e-01
3.600000000000000089e+00,3.514100097091543518e+01,8.271766819045149877e-01,9.606962500052523168e+00,4.706335512848743852e-01
3.700000000000000178e+00,3.610084941186619290e+01,8.742019783711074687e-01,9.590006318962759124e+00,4.698723752298619716e-01
3.800000000000000266e+00,3.705877341845719997e+01,9.201525837576864930e-01,9.568473812857474670e+00,4.491397329629334134e-01
3.900000000000000355e+00,3.801615280890396065e+01,9.637309177995098119e-01,9.579113996077754933e+00,4.224269462737538783e-01
4.000000000000000000e+00,3.897231739645241788e+01,1.003388309852289106e+00,9.544177754891407517e+00,3.707208960379901885e-01
4.100000000000000533e+00,3.992762349872393912e+01,1.039035046980996579e+00,9.561944290539084790e+00,3.422138456255181538e-01
4.200000000000000178e+00,4.088140382721628185e+01,1.075833123178436379e+00,9.513662279307744996e+00,3.937476798588226412e-01
4.299999999999999822e+00,4.183348409519494027e+01,1.115525308193773046e+00,9.527943080265421472e+00,4.000960183096181066e-01
4.400000000000000355e+00,4.278491355343773250e+01,1.151995352251745208e+00,9.500646084590464113e+00,3.293048610925194963e-01
4.500000000000000000e+00,4.373455604012164599e+01,1.180596185137358090e+00,9.492203649087903372e+00,2.427117957035770934e-01
4.600000000000000533e+00,4.468997611090772892e+01,1.205759659558630625e+00,9.616197766633773014e+00,2.605576907992667168e-01
4.700000000000000178e+00,4.565185550387123925e+01,1.232919468832288867e+00,9.621390092636499247e+00,2.826384943481413670e-01
4.800000000000000711e+00,4.661055906960252315e+01,1.259635847917269569e+00,9.552681221989208993e+00,2.516890842711742016e-01
4.900000000000000355e+00,4.756291617513588932e+01,1.286347236313772235e+00,9.494460888678025512e+00,2.825386904483840889e-01
5.000000000000000000e+00,4.850982009763387737e+01,1.314297112645083976e+00,9.443617561281785200e+00,2.764588350006990658e-01
5.100000000000000533e+00,4.945047416084685210e+01,1.339021513192300228e+00,9.369463702977700592e+00,2.180291779074171599e-01
5.200000000000000178e+00,5.039043188303407561e+01,1.357840938361081884e+00,9.429690740766746515e+00,1.583593250742042491e-01
5.300000000000000711e+00,5.133503480223579629e+01,1.371157211767519479e+00,9.462367643267796780e+00,1.079661429302691961e-01
5.400000000000000355e+00,5.228151150845470596e+01,1.381816025195903519e+00,9.467166481110426801e+00,1.052101264463945474e-01
5.500000000000000000e+00,5.322892646326810961e+01,1.389749112910452000e+00,9.481132615157696009e+00,5.345162576786297720e-02
5.600000000000000533e+00,5.417969828652522324e+01,1.396765039785358375e+00,9.534303849984516077e+00,8.686690389384854605e-02
5.700000000000000178e+00,5.513212035141367551e+01,1.401525439312075516e+00,9.514137447784609236e+00,8.341089789330846660e-03
5.800000000000000711e+00,5.608624885579540376e+01,1.400821496688869905e+00,9.568432639849905996e+00,-2.241994332817313570e-02
5.900000000000000355e+00,5.704231026864592735e+01,1.399873115550861025e+00,9.552795617160455777e+00,3.452324589190026299e-03
6.000000000000000000e+00,5.799875524509342739e+01,1.398759775249536874e+00,9.576103911789488166e+00,-2.571913202919005881e-02
6.100000000000000533e+00,5.895635720430804128e+01,1.397749659713697579e+00,9.575935272502837492e+00,5.516821266188895456e-03
6.200000000000000178e+00,5.991483364191258687e+01,1.397875027627301536e+00,9.593593479588069073e+00,-3.009462167666723462e-03
6.300000000000000711e+00,6.087475079621420804e+01,1.399456026034438416e+00,9.604749606444277887e+00,3.462943220621553936e-02
6.400000000000000355e+00,6.183325761697886236e+01,1.402456318901884380e+00,9.565386808848789002e+00,2.537641849569457347e-02
6.500000000000000000e+00,6.279350082545187917e+01,1.405080341049134818e+00,9.639477360611637735e+00,2.710402930626648263e-02
6.600000000000000533e+00,6.375794647817469496e+01,1.409059243646908932e+00,9.649435693844607087e+00,5.247402178918803006e-02
6.700000000000000178e+00,6.472033846621606301e+01,1.416225022128058786e+00,9.598404066982642036e+00,9.084154606960948009e-02
6.800000000000000711e+00,6.567938217795456524e+01,1.427023487605306507e+00,9.582470167787382920e+00,1.251277658756889954e-01
6.900000000000000355e+00,6.663943515165354370e+01,1.439122471650446267e+00,9.618589306192085076e+00,1.168519141161619285e-01
7.000000000000000000e+00,6.759976349126715434e+01,1.454682145198659793e+00,9.587977486079864775e+00,1.943415613274383780e-01
7.100000000000000533e+00,6.855725934611061234e+01,1.476194737965228487e+00,9.561939610789108812e+00,2.359102936205171308e-01
7.200000000000000178e+00,6.951957941157176890e+01,1.501894482553065346e+00,9.684461698433906918e+00,2.780845967604533286e-01
7.300000000000000711e+00,7.048740647701262674e+01,1.531646003535020784e+00,9.672079610383269355e+00,3.169458252998207937e-01
7.400000000000000355e+00,7.145443944297936412e+01,1.565130703398498468e+00,9.668579708951419605e+00,3.527481717164986375e-01
7.500000000000000000e+00,7.242155480199876649e+01,1.602363942277009512e+00,9.673727471436526670e+00,3.919166035473599097e-01
7.600000000000000533e+00,7.338709341921976659e+01,1.639197381645456808e+00,9.637044872983423716e+00,3.447521848203168870e-01
7.700000000000000178e+00,7.435572047888096847e+01,1.672624188007044044e+00,9.735496320240498491e+00,3.237839408863337765e-01
7.800000000000000711e+00,7.532886462585034337e+01,1.704020524611096654e+00,9.727386619147216251e+00,3.041427883641704688e-01
7.900000000000000355e+00,7.630104095151779120e+01,1.729317293503890740e+00,9.716139894201818450e+00,2.017925886793290879e-01
8.000000000000000000e+00,7.727043140748254757e+01,1.753384789716948777e+00,9.671669225093298294e+00,2.795573389077301574e-01
8.099999999999999645e+00,7.823529643479204765e+01,1.783065439620426851e+00,9.625631321096577153e+00,3.140556617038521847e-01
8.200000000000001066e+00,7.919662272600561437e+01,1.817854910407084468e+00,9.600894503174519201e+00,3.817337509941452489e-01
8.300000000000000711e+00,8.015380971095666496e+01,1.858488596178131891e+00,9.542845195846323847e+00,4.309399624860880684e-01
8.400000000000000355e+00,8.110826831906794609e+01,1.899306181428516149e+00,9.546326966379432122e+00,3.854117457524668944e-01
8.500000000000000000e+00,8.206420077153332215e+01,1.937070432899261396e+00,9.572322082928181430e+00,3.698732801875324050e-01
8.599999999999999645e+00,8.301835846670707042e+01,1.976059623842766122e+00,9.510831820546696846e+00,4.099105367374195619e-01
8.700000000000001066e+00,8.396709831178247896e+01,2.018165782903643013e+00,9.463965080961266096e+00,4.322126438241122859e-01
8.800000000000000711e+00,8.491548262026536520e+01,2.057627728933515421e+00,9.503721088696300612e+00,3.570262795338675077e-01
8.900000000000000355e+00,8.586392264945496322e+01,2.088031799308191161e+00,9.465079495095745088e+00,2.510551315692682861e-01
9.000000000000000000e+00,8.681173966293346211e+01,2.110275840513584189e+00,9.491260774474039152e+00,1.938256919406735612e-01
9.099999999999999645e+00,8.776356819322643332e+01,2.130135765665389425e+00,9.545309831385294430e+00,2.033728099619091512e-01
9.200000000000001066e+00,8.872382168724587359e+01,2.152883969101748285e+00,9.659760049003704552e+00,2.515912592483542931e-01
9.300000000000000711e+00,8.969039605218924294e+01,2.180150518155271833e+00,9.671727249863785403e+00,2.937397148550435766e-01
9.400000000000000355e+00,9.065927170704162563e+01,2.206510436738505998e+00,9.705785847183715731e+00,2.334586573845001956e-01
9.500000000000000000e+00,9.162941077605047724e+01,2.228226109059990190e+00,9.696995532993511802e+00,2.008547890706020023e-01
9.600000000000001421e+00,9.260320175329000847e+01,2.249326275083963544e+00,9.778824011797203397e+00,2.211485331472022309e-01
9.700000000000001066e+00,9.358358477595257341e+01,2.269639693050225393e+00,9.828836441453839612e+00,1.851198204261829960e-01
9.800000000000000711e+00,9.456471320172101969e+01,2.285602999353475440e+00,9.793732073914970471e+00,1.341463049994798262e-01
9.900000000000000355e+00,9.555089779205223977e+01,2.298140221412205531e+00,9.929959732709400910e+00,1.165981355281538873e-01
1.000000000000000000e+01,9.654304576889070688e+01,2.310586639342350423e+00,9.912999804060021347e+00,1.323302203336365335e-01
1.010000000000000142e+01,9.753341259604458457e+01,2.320352796172444609e+00,9.894336739017676408e+00,6.299291212496127557e-02
1.020000000000000107e+01,9.852655970761591675e+01,2.326405025820510453e+00,9.968605492408892488e+00,5.805167570173825481e-02
1.030000000000000071e+01,9.952141773279545589e+01,2.333563283000342103e+00,9.928555011181900980e+00,8.511346855454554605e-02
1.040000000000000036e+01,1.005176429847740280e+02,2.344950177546567094e+00,9.995950028389708919e+00,1.426244217090796018e-01
1.050000000000000000e+01,1.015199798456515765e+02,2.358373765271307931e+00,1.005078718916127301e+01,1.258473326203135845e-01
1.060000000000000142e+01,1.025253212456391196e+02,2.369421651232086923e+00,1.005604081058961086e+01,9.511038525792951670e-02
1.070000000000000107e+01,1.035303607270758448e+02,2.376879968702179990e+00,1.004474881814494402e+01,5.405596387757663490e-02
1.080000000000000071e+01,1.045370632080742439e+02,2.384598575761475381e+00,1.008930080182322975e+01,1.003161803405485664e-01
1.090000000000000036e+01,1.055425223669883650e+02,2.393287082618792194e+00,1.001988237645924862e+01,7.345395774044308213e-02
1.100000000000000000e+01,1.065435050178078598e+02,2.401136954735032081e+00,9.999770639930789073e+00,8.354348349191179079e-02
1.110000000000000142e+01,1.075463063884897679e+02,2.407405631068162855e+00,1.005625677370721149e+01,4.183004184999230407e-02
1.120000000000000107e+01,1.085495189130874678e+02,2.411536259678298322e+00,1.000799371824683348e+01,4.078252874454020571e-02
1.130000000000000071e+01,1.095523593308537755e+02,2.411263788332778102e+00,1.004881463707936007e+01,-4.623195842207113160e-02
1.140000000000000036e+01,1.105563551180327693e+02,2.409822480208613893e+00,1.003110110650058751e+01,1.740579816488722897e-02
1.150000000000000000e+01,1.115658034852425544e+02,2.410095162628364207e+00,1.015786623769503727e+01,-1.195214987528906911e-02
1.160000000000000142e+01,1.125794675293697793e+02,2.409639139817942866e+00,1.011541464484947461e+01,2.831692097013720211e-03
1.170000000000000107e+01,1.135927858546860278e+02,2.409148071937909918e+00,1.015095186147559936e+01,-1.265305395582790905e-02
1.180000000000000071e+01,1.146054333550169559e+02,2.406119248339841921e+00,1.010199814514287731e+01,-4.792341524588650259e-02
1.190000000000000036e+01,1.156151602478337423e+02,2.404155706960394046e+00,1.009253971119274418e+01,8.652585604895283999e-03
1.200000000000000000e+01,1.166246406912410691e+02,2.407989977738211440e+00,1.009706915695362994e+01,6.803283296260412283e-02
1.210000000000000142e+01,1.176354886561906739e+02,2.413928191757837904e+00,1.011989014203853721e+01,5.073144270941314093e-02
1.220000000000000107e+01,1.186446975237331429e+02,2.416915556397581266e+00,1.006428720881083905e+01,9.015848596193885844e-03
1.230000000000000071e+01,1.196534783200277161e+02,2.416682297317219064e+00,1.011132871708053926e+01,-1.368102854133143587e-02
1.240000000000000036e+01,1.206668204312410921e+02,2.415080875065147126e+00,1.015551350718689605e+01,-1.834741132827016202e-02
1.250000000000000000e+01,1.216811290045270937e+02,2.411533972043074403e+00,1.013065795853294482e+01,-5.259065448915189317e-02
1.260000000000000142e+01,1.226979102471106131e+02,2.408002704777966851e+00,1.020496689313753791e+01,-1.803469085678003486e-02
1.270000000000000107e+01,1.237199889672584732e+02,2.407698676869218790e+00,1.023660750981957968e+01,1.195413135186014497e-02
1.280000000000000071e+01,1.247435946838553065e+02,2.410510991877913511e+00,1.023550682211707752e+01,4.429216852234033747e-02
1.290000000000000036e+01,1.257676242572687926e+02,2.419076020623402545e+00,1.024508464615262149e+01,1.270084036788707849e-01
1.300000000000000000e+01,1.267961382520514491e+02,2.430960572951483822e+00,1.032519524950038381e+01,1.106826380721073755e-01
1.310000000000000142e+01,1.278274921063834171e+02,2.445359137862493260e+00,1.030188183713898553e+01,1.772886615534748356e-01
1.320000000000000107e+01,1.288567352637699344e+02,2.464270985245320400e+00,1.028298131059142584e+01,2.009482838696725893e-01
1.330000000000000071e+01,1.298820986218696873e+02,2.482359164145701236e+00,1.022428585140379909e+01,1.608152943577444427e-01
1.340000000000000036e+01,1.309063830642690789e+02,2.497491117578133135e+00,1.026140299658406185e+01,1.418237741215332970e-01
1.350000000000000000e+01,1.319316173000591164e+02,2.513777450985838602e+00,1.024328171921681729e+01,1.839028890574645470e-01
1.360000000000000142e+01,1.329545030845401072e+02,2.530977056166057171e+00,1.021443397040279777e+01,1.600892159272097603e-01
1.370000000000000107e+01,1.339721855902367622e+02,2.545492926727779270e+00,1.013921614353003164e+01,1.302281952743860050e-01
1.380000000000000071e+01,1.349874291301969151e+02,2.556642641161744667e+00,1.016565465567336268e+01,9.276609437750975296e-02
1.390000000000000036e+01,1.360051346399115459e+02,2.568984875209469276e+00,1.018845553861917352e+01,1.540785866671713356e-01
1.400000000000000000e+01,1.370220409042761673e+02,2.584508058885011561e+00,1.014966974867292393e+01,1.563850882300112100e-01
1.410000000000000142e+01,1.380378347796894616e+02,2.600682290985553813e+00,1.016620775959320433e+01,1.670995549785159184e-01
1.420000000000000107e+01,1.390556610928734642e+02,2.619082133522327105e+00,1.019031850408657291e+01,2.008972881456055348e-01
1.430000000000000071e+01,1.400777192127689261e+02,2.638393796214954179e+00,1.025084389382275418e+01,1.853359608652114521e-01
1.440000000000000036e+01,1.411027467943782767e+02,2.655730491824156658e+00,1.024970773836412619e+01,1.613979513809074839e-01
1.450000000000000000e+01,1.421299910649483138e+02,2.672378752866484408e+00,1.029517767303697973e+01,1.715672654260971264e-01
1.460000000000000142e+01,1.431609206318815382e+02,2.691953509628587149e+00,1.032341366562765828e+01,2.199278718769901997e-01
1.470000000000000107e+01,1.441951826017453868e+02,2.713448822902989388e+00,1.036182573164937359e+01,2.099783975200565922e-01
1.480000000000000071e+01,1.452318403908852247e+02,2.734580591100302271e+00,1.037133005114720596e+01,2.126569691857141953e-01
1.490000000000000036e+01,1.462707655975194427e+02,2.756452642848442824e+00,1.040717408153713031e+01,2.247840685189556598e-01
1.500000000000000000e+01,1.473070154400627700e+02,2.775751539827465475e+00,1.031782276932952946e+01,1.611938787071061641e-01
1.510000000000000142e+01,1.483403259347727783e+02,2.788602394167476461e+00,1.034838712487085211e+01,9.582320558312645842e-02
1.520000000000000107e+01,1.493778136870080573e+02,2.797018427230268500e+00,1.040136791983470488e+01,7.249745326360604314e-02
1.530000000000000071e+01,1.504225284337622384e+02,2.806572302577323264e+00,1.049292701524946558e+01,1.185800535143672341e-01
1.540000000000000036e+01,1.514721627492834557e+02,2.819219229649722269e+00,1.049975929517488282e+01,1.343584918383491922e-01
1.550000000000000000e+01,1.525169071186928420e+02,2.832756001506589794e+00,1.039512809301277052e+01,1.363769463730977460e-01
1.560000000000000142e+01,1.535569981139756521e+02,2.849955239869204515e+00,1.040669181264377663e+01,2.076078199598273832e-01
1.570000000000000107e+01,1.545939071753930705e+02,2.868464677571369137e+00,1.033148941570468438e+01,1.625809351616008258e-01
1.580000000000000071e+01,1.556208860113545143e+02,2.885798577174630619e+00,1.020808730352440641e+01,1.840970577158029808e-01
1.590000000000000036e+01,1.566419546392179996e+02,2.905342503515758956e+00,1.021328525374580920e+01,2.067814732364372798e-01
1.600000000000000000e+01,1.576627327614045555e+02,2.927203404381537588e+00,1.020227718998559752e+01,2.304365509945665025e-01
1.610000000000000142e+01,1.586808628417124680e+02,2.949429662467453195e+00,1.016032441617258719e+01,2.140886092617622083e-01
1.619999999999999929e+01,1.596933863121572870e+02,2.970865875037246973e+00,1.009014499272363885e+01,2.146356401952483339e-01
1.630000000000000071e+01,1.606992945880731725e+02,2.992833855050707204e+00,1.002802052559401425e+01,2.247239588766090645e-01
1.640000000000000213e+01,1.617029508755055360e+02,3.014985197443142084e+00,1.004510522305377229e+01,2.183028879064732863e-01
1.650000000000000000e+01,1.627064929389860595e+02,3.034718322078576502e+00,1.002573604655692918e+01,1.763596088844963106e-01
1.660000000000000142e+01,1.637086667506400772e+02,3.053340462485508500e+00,1.001774018652350229e+01,1.960832001061636187e-01
1.669999999999999929e+01,1.647102301489059926e+02,3.072505148994459478e+00,1.001352777879449185e+01,1.872105317112375822e-01
1.680000000000000071e+01,1.657113487790974204e+02,3.090281877431450663e+00,1.000884482503427719e+01,1.683240386222122353e-01
1.690000000000000213e+01,1.667116987662195697e+02,3.107003989296149182e+00,9.998154917408390574e+00,1.661181991478607178e-01
1.700000000000000000e+01,1.677135430427081246e+02,3.121848145964742471e+00,1.003873061236287967e+01,1.307649348574942694e-01
1.710000000000000142e+01,1.687158485278505111e+02,3.137195735810732522e+00,1.000737909048522489e+01,1.761868671083699767e-01
1.719999999999999929e+01,1.697190122487938027e+02,3.152476558650596061e+00,1.005589532838039268e+01,1.294295874677773295e-01
1.730000000000000071e+01,1.707261180491773871e+02,3.164956774812162088e+00,1.008622067929143462e+01,1.201747386672159801e-01
1.740000000000000213e+01,1.717387111233948644e+02,3.177874546646580978e+00,1.016564080505825096e+01,1.381806998133596476e-01
1.750000000000000000e+01,1.727543396375057512e+02,3.194897690255217082e+00,1.014692947715948890e+01,2.022821724568747703e-01
1.760000000000000142e+01,1.737710306783282306e+02,3.213516071065209534e+00,1.018689133929005486e+01,1.700854530876452220e-01
1.769999999999999929e+01,1.747868912235412608e+02,3.227509473017157404e+00,1.013031956497080266e+01,1.097825865697259207e-01
1.780000000000000071e+01,1.758001207937157631e+02,3.238985174421422641e+00,1.013427183851921143e+01,1.197314417144805104e-01
1.790000000000000213e+01,1.768126191135296779e+02,3.251594065193399441e+00,1.011569455775891946e+01,1.324463735434187328e-01
1.800000000000000000e+01,1.778220894674778663e+02,3.265034428993333737e+00,1.007371252120509553e+01,1.363608999201247340e-01
1.810000000000000142e+01,1.788301687823635575e+02,3.277773189872819515e+00,1.008787377650853045e+01,1.184143164871762077e-01
1.819999999999999929e+01,1.798408726451063160e+02,3.287282113183813692e+00,1.012620347834655199e+01,7.176414714186950261e-02
1.830000000000000071e+01,1.808551327302274956e+02,3.290794043249713141e+00,1.015899822407711817e+01,-1.525543667724851837e-03
1.840000000000000213e+01,1.818695494624600428e+02,3.291420018728554719e+00,1.012933642057413230e+01,1.404505789737418506e-02
1.850000000000000000e+01,1.828831711231297277e+02,3.291557926313898541e+00,1.014309679281965870e+01,-1.128690245551724688e-02
1.860000000000000142e+01,1.838946652191148701e+02,3.290290480689520791e+00,1.008678512688279660e+01,-1.406200258697944301e-02
1.869999999999999929e+01,1.849024986991262836e+02,3.288508141886586689e+00,1.006988447334537540e+01,-2.158477131940151478e-02
1.880000000000000071e+01,1.859108340014304588e+02,3.284080444903845208e+00,1.009682157273786984e+01,-6.696916561305535365e-02
1.890000000000000213e+01,1.869249852524341691e+02,3.276737292923801448e+00,1.018620344733624883e+01,-7.989387155790234063e-02
1.900000000000000000e+01,1.879442132968648025e+02,3.268461147790076904e+00,1.019835744127674459e+01,-8.562902697747445946e-02
1.910000000000000142e+01,1.889668945674877421e+02,3.256586078317093680e+00,1.025526797118179623e+01,-1.518723602292610664e-01
1.920000000000000284e+01,1.899927212946261932e+02,3.241019251214154462e+00,1.026126657158742361e+01,-1.594641819277128336e-01
1.930000000000000071e+01,1.910176605046404177e+02,3.225535007047757752e+00,1.023751762869652637e+01,-1.502207012376411410e-01
1.940000000000000213e+01,1.920448782046035774e+02,3.214199103814542546e+00,1.030683637056640656e+01,-7.649736066794834977e-02
1.950000000000000000e+01,1.930748304993834950e+02,3.208411231367449989e+00,1.029220952503165165e+01,-3.926008756702475955e-02
1.960000000000000142e+01,1.941066386211776944e+02,3.204916479257983397e+00,1.034395291085257718e+01,-3.063494925323232559e-02
1.970000000000000284e+01,1.951404824930110635e+02,3.202794185949044081e+00,1.033292452581496867e+01,-1.181091131144521370e-02
1.980000000000000071e+01,1.961745688139691595e+02,3.200941203790642398e+00,1.034880189334707445e+01,-2.524873111691239985e-02
1.990000000000000213e+01,1.972103803235647490e+02,3.200563062715303442e+00,1.036742829856496861e+01,1.768590909894004332e-02
2.000000000000000000e+01,1.982448030413372635e+02,3.205445419833760301e+00,1.032102605688487529e+01,7.996122734130751974e-02
2.010000000000000142e+01,1.992812944492198142e+02,3.211437199102702422e+00,1.040880210076594459e+01,3.987435468095094221e-02
2.020000000000000284e+01,2.003241378612772507e+02,3.217372164242668919e+00,1.044806614038237669e+01,7.882494969969650045e-02
2.030000000000000071e+01,2.013669755924191804e+02,3.225682756266315288e+00,1.040868848245617961e+01,8.738689298916413328e-02
2.040000000000000213e+01,2.024089633906974939e+02,3.231749373575596884e+00,1.043106748310998810e+01,3.394545842628548388e-02
2.050000000000000000e+01,2.034503496408261469e+02,3.234781188053428735e+00,1.039665751946310301e+01,2.669082890100669264e-02
2.060000000000000142e+01,2.044889441032836714e+02,3.239773761432010790e+00,1.037523172968752050e+01,7.316063440765870063e-02
2.070000000000000284e+01,2.055259622815901821e+02,3.249237695781831636e+00,1.036513183644298586e+01,1.161180594280119271e-01
2.080000000000000071e+01,2.065617646525480211e+02,3.262044011748652661e+00,1.035091558271381196e+01,1.400082620668169631e-01
2.090000000000000213e+01,2.076007492561692516e+02,3.275392706495161566e+00,1.042877648971117388e+01,1.269656359429809922e-01
2.100000000000000000e+01,2.086464514456391157e+02,3.287327458935739521e+00,1.048526729968634896e+01,1.117294111321550237e-01
2.110000000000000142e+01,2.096981211034201920e+02,3.298794608310985144e+00,1.054812585593487029e+01,1.176135778621054534e-01
2.120000000000000284e+01,2.107479168426629315e+02,3.307017401181280292e+00,1.044778892892018796e+01,4.684227331085681623e-02
2.130000000000000071e+01,2.117945391703915163e+02,3.315319707968745089e+00,1.048465762565138704e+01,1.192038600402409582e-01
2.140000000000000213e+01,2.128417952018004371e+02,3.324293588276280964e+00,1.046046300252706196e+01,6.027374895948234973e-02
2.150000000000000000e+01,2.138905274703043347e+02,3.328631697147026891e+00,1.051418236755104019e+01,2.648842874779382128e-02
2.160000000000000142e+01,2.149438737946856293e+02,3.332403779877211480e+00,1.055274412007510065e+01,4.895323059611564331e-02
2.170000000000000284e+01,2.159984600957372720e+02,3.337762574629397516e+00,1.053898190095761578e+01,5.822266018508932828e-02
2.180000000000000071e+01,2.170526663695220577e+02,3.344299112000433727e+00,1.054514357473820496e+01,7.250808605227200554e-02
2.190000000000000213e+01,2.181079103972595590e+02,3.352696657823798887e+00,1.055973698001218963e+01,9.544282966074282837e-02
2.200000000000000000e+01,2.191624862874510029e+02,3.360491515079276681e+00,1.053178082381640657e+01,6.045431523333745505e-02
2.210000000000000142e+01,2.202172548992058410e+02,3.365810370065110746e+00,1.056359141128066170e+01,4.592278212604496840e-02
2.220000000000000284e+01,2.212736717276638956e+02,3.373328920454218949e+00,1.056474515788023183e+01,1.044482279375204825e-01
2.230000000000000071e+01,2.223298468050538759e+02,3.384008323019467301e+00,1.055875638991955512e+01,1.091398189757285392e-01
2.240000000000000213e+01,2.233827122022133551e+02,3.392747945863433312e+00,1.049855155327020029e+01,6.565263973811558129e-02
2.250000000000000000e+01,2.244333115472702787e+02,3.400584322500183720e+00,1.051343534786862399e+01,9.107489544683966542e-02
2.260000000000000142e+01,2.254787452981248066e+02,3.407635410351126382e+00,1.039523966922159559e+01,4.994686628790594857e-02
2.270000000000000284e+01,2.265191714272072545e+02,3.411708229275148607e+00,1.041328291242710513e+01,3.150951291974202206e-02
2.280000000000000071e+01,2.275585273799337926e+02,3.413131210172946961e+00,1.037383614210354565e+01,-3.049896312416623678e-03
2.290000000000000213e+01,2.285937591325851486e+02,3.413848795941163861e+00,1.033079891092373259e+01,1.740161282713511767e-02
2.300000000000000000e+01,2.296251066784919885e+02,3.414446491622185498e+00,1.029615200721316626e+01,-5.447700630810625722e-03
2.310000000000000142e+01,2.306543537244631352e+02,3.416227425048318445e+00,1.028878891220965563e+01,4.106637030010051870e-02
2.320000000000000284e+01,2.316832509735389465e+02,3.419603849472576229e+00,1.028915606930649851e+01,2.646211940535366652e-02
2.330000000000000071e+01,2.327098375627489588e+02,3.422595911419756831e+00,1.024257571489423313e+01,3.337911992699919145e-02
2.340000000000000213e+01,2.337350372513644174e+02,3.427652847033090922e+00,1.026141805741531243e+01,6.775958831663753124e-02
2.350000000000000000e+01,2.347623490817846346e+02,3.433354951653493803e+00,1.028481855098930353e+01,4.628251131505238536e-02
2.360000000000000142e+01,2.357941387879749584e+02,3.437713965421962836e+00,1.035097557281729408e+01,4.089776273183691468e-02
2.370000000000000284e+01,2.368324039669405465e+02,3.445516973171772523e+00,1.041432800649462820e+01,1.151623904848830676e-01
2.380000000000000071e+01,2.378741449853633014e+02,3.459489093555229378e+00,1.042049236196070083e+01,1.642800180271171140e-01
2.390000000000000213e+01,2.389174185092514051e+02,3.473436228330624598e+00,1.044497811580131597e+01,1.146626734281991078e-01
2.400000000000000000e+01,2.399598231207152423e+02,3.483828626125296868e+00,1.040311411347539483e+01,9.318528366364103865e-02
2.410000000000000142e+01,2.410023202099739308e+02,3.493476827756221592e+00,1.044682767169820004e+01,9.977875055390028614e-02
2.420000000000000284e+01,2.420450331408732438e+02,3.496758544861520601e+00,1.040743094628800236e+01,-3.414440787996400606e-02
2.430000000000000071e+01,2.430843188082944266e+02,3.494100399372020771e+00,1.037828240213553954e+01,-1.901850486970506349e-02
2.440000000000000213e+01,2.441245345922270360e+02,3.489128332496990836e+00,1.042603327651696077e+01,-8.042283447281678432e-02
2.450000000000000000e+01,2.451686037631269812e+02,3.481337735345448881e+00,1.045535014148174291e+01,-7.538910866335214733e-02
2.460000000000000142e+01,2.462147472823804719e+02,3.475781079826793629e+00,1.046752024358760558e+01,-3.574400179383117188e-02
2.470000000000000284e+01,2.472611108752274731e+02,3.471024090630306258e+00,1.045975161335207737e+01,-5.939578066620269242e-02
2.480000000000000071e+01,2.483061534989404606e+02,3.462392878648884675e+00,1.044110086090787348e+01,-1.132284549896456494e-01
2.490000000000000213e+01,2.493507126065190107e+02,3.457063971851499939e+00,1.045008129066297364e+01,6.650317375463538072e-03
2.500000000000000000e+01,2.503927723658770503e+02,3.452903415738564963e+00,1.039111389649792017e+01,-8.986144281492301766e-02
2.510000000000000142e+01,2.514321564326744749e+02,3.443946876609250030e+00,1.039656743945043083e+01,-8.926934241128817171e-02
2.520000000000000284e+01,2.524713722663762212e+02,3.435240569627723062e+00,1.038774923458450239e+01,-8.485679973959450728e-02
2.530000000000000071e+01,2.535130751244044234e+02,3.423439061648057891e+00,1.044630792597970270e+01,-1.511733595435948985e-01
2.540000000000000213e+01,2.545579118859523930e+02,3.408391642078060446e+00,1.045042730497975292e+01,-1.497750323319144983e-01
2.550000000000000000e+01,2.555979636760765175e+02,3.393475652651949837e+00,1.035060849750231426e+01,-1.485447610684900444e-01
2.560000000000000142e+01,2.566311362685932522e+02,3.375078185990820767e+00,1.031284335283310760e+01,-2.194045729856998750e-01
2.570000000000000284e+01,2.576635633250924116e+02,3.349516729555636285e+00,1.033569777714946980e+01,-2.918245530149952693e-01
2.580000000000000071e+01,2.587012182008381274e+02,3.322294694941797744e+00,1.041739973776460459e+01,-2.526161397428764999e-01
2.590000000000000213e+01,2.597403880841814612e+02,3.296070538776292747e+00,1.036599792910169171e+01,-2.718669816721738797e-01
2.600000000000000000e+01,2.607735286095010565e+02,3.269359199790546455e+00,1.029681257728959665e+01,-2.623597999374941980e-01
2.610000000000000142e+01,2.618046482349546409e+02,3.246673562517815803e+00,1.032557993178245859e+01,-1.913529459555217138e-01
2.620000000000000284e+01,2.628370293065797227e+02,3.227437391657225874e+00,1.032204150071838988e+01,-1.933704742379150077e-01
2.630000000000000071e+01,2.638723036976949174e+02,3.204508235887548739e+00,1.038344632158511338e+01,-2.652126411852584464e-01
2.640000000000000213e+01,2.649113540398911937e+02,3.175660121077830134e+00,1.039756052234115380e+01,-3.117496534975756073e-01
2.650000000000000000e+01,2.659500433354409097e+02,3.142320458168987418e+00,1.037622538865303135e+01,-3.550436019487652750e-01
2.660000000000000142e+01,2.669877448002153528e+02,3.104318522714986983e+00,1.037780390683575504e+01,-4.049951045346044665e-01
2.670000000000000284e+01,2.680223675237069756e+02,3.061753082125632019e+00,1.031465056299700400e+01,-4.463137059830392661e-01
2.680000000000000071e+01,2.690556696212636325e+02,3.014872144539869847e+00,1.035139138813603843e+01,-4.913050420173812327e-01
2.690000000000000213e+01,2.700941009742301162e+02,2.964846433437239526e+00,1.041723567119369065e+01,-5.092091853322207040e-01
2.700000000000000000e+01,2.711370863945564906e+02,2.912405898515609604e+00,1.044247273533310327e+01,-5.396015101281007587e-01
2.710000000000000142e+01,2.721838372329298181e+02,2.856826993718736052e+00,1.049254403213385345e+01,-5.719765859913217287e-01
2.720000000000000284e+01,2.732312477337486598e+02,2.799218444792511029e+00,1.045566598424192328e+01,-5.801943920720536996e-01
2.730000000000000071e+01,2.742763259814712455e+02,2.742189239726919858e+00,1.044589897020981262e+01,-5.603897118002526545e-01
2.740000000000000213e+01,2.753230541373288247e+02,2.684960694232547684e+00,1.048866414694211890e+01,-5.841811982296564176e-01
2.750000000000000000e+01,2.763675899313042237e+02,2.627445713337869027e+00,1.040205173256605597e+01,-5.661184190595310861e-01
2.760000000000000142e+01,2.774082125988268217e+02,2.573049611826559779e+00,1.041040161788656171e+01,-5.218036136279197157e-01
2.770000000000000284e+01,2.784512894839772343e+02,2.523437040377290774e+00,1.045113608512119008e+01,-4.704478144170401999e-01
2.780000000000000071e+01,2.795003752181899586e+02,2.472728632320344566e+00,1.053057859913334404e+01,-5.437203464784394757e-01
2.790000000000000213e+01,2.805536165120462329e+02,2.418398909037373645e+00,1.053424727799154326e+01,-5.428741242799972611e-01
2.800000000000000000e+01,2.816047834555003533e+02,2.364970869549653631e+00,1.048909159109061484e+01,-5.256866590761105629e-01
2.810000000000000142e+01,2.826524870133496847e+02,2.312627109917444912e+00,1.046497956589552025e+01,-5.211885306693406772e-01
2.820000000000000284e+01,2.836998588208239767e+02,2.261072487319810254e+00,1.048245658358967702e+01,-5.099039260124216266e-01
2.830000000000000071e+01,2.847470573175751269e+02,2.214896617033559778e+00,1.046151335143386341e+01,-4.136134816194154129e-01
2.840000000000000213e+01,2.857918076124615823e+02,2.173622271258631944e+00,1.043349254629510625e+01,-4.118734313889847454e-01
2.850000000000000000e+01,2.868305906549491056e+02,2.130213704806808384e+00,1.034216830345566152e+01,-4.562979026347983580e-01
2.860000000000000142e+01,2.878654755320704339e+02,2.086147230631425042e+00,1.035552923897176214e+01,-4.250315833360862050e-01
2.870000000000000284e+01,2.889033794363699030e+02,2.043413281692811889e+00,1.040254884701765192e+01,-4.296473979105200347e-01
2.880000000000000071e+01,2.899457368292364663e+02,2.003939669128813605e+00,1.044459901031405380e+01,-3.598248516031393729e-01
2.890000000000000213e+01,2.909910933625749863e+02,1.968987551043136053e+00,1.046253165645591032e+01,-3.392175027771254237e-01
2.900000000000000000e+01,2.920332468421191834e+02,1.935382889981683174e+00,1.038053793442847450e+01,-3.328757170775398788e-01
2.910000000000000142e+01,2.930733093445558097e+02,1.899896999096361894e+00,1.042071211430454625e+01,-3.768420988485307044e-01
2.920000000000000284e+01,2.941194923419924976e+02,1.857469694475709643e+00,1.050294783442851809e+01,-4.717039933093580828e-01
2.930000000000000071e+01,2.951728986258087843e+02,1.812388184615842501e+00,1.056517784189725795e+01,-4.299262048948881976e-01
2.940000000000000213e+01,2.962313974912781305e+02,1.772257311067045649e+00,1.060479946748985647e+01,-3.726912713771831087e-01
2.950000000000000000e+01,2.972889764929258831e+02,1.735420222688361047e+00,1.054678056546419107e+01,-3.640504985990781761e-01
2.960000000000000142e+01,2.983459048511890046e+02,1.699496465144484603e+00,1.059178659979789749e+01,-3.544246522560018930e-01
2.970000000000000284e+01,2.994041878973309849e+02,1.666521934627487100e+00,1.057387432304115293e+01,-3.050659579508473995e-01
2.980000000000000071e+01,3.004618768018005994e+02,1.632378772784394361e+00,1.057990376635195595e+01,-3.777972860943605848e-01
2.990000000000000213e+01,3.015239920556358584e+02,1.594629786961138551e+00,1.066240131035286076e+01,-3.771824350606551302e-01
3.000000000000000000e+01,3.025914754069968922e+02,1.554546960563363722e+00,1.068726571686793569e+01,-4.244740942820924845e-01
3.010000000000000142e+01,3.036608256499627032e+02,1.513928604732059258e+00,1.069973914244845403e+01,-3.878930236073555582e-01
3.020000000000000284e+01,3.047310825818369153e+02,1.471418098672062857e+00,1.070539949503670130e+01,-4.623171020414563182e-01
3.030000000000000071e+01,3.058032556594540665e+02,1.427352566398564893e+00,1.073806205730704022e+01,-4.189935357058317544e-01
3.040000000000000213e+01,3.068788593293319309e+02,1.382545548795502288e+00,1.077401134025014251e+01,-4.771468139231005434e-01
3.050000000000000000e+01,3.079595057548972932e+02,1.332767371514621768e+00,1.083891717105649377e+01,-5.184167271829419610e-01
3.060000000000000142e+01,3.090457468054023593e+02,1.280704309536365493e+00,1.088590383904510617e+01,-5.228445134730353994e-01
3.070000000000000284e+01,3.101346557069434766e+02,1.229623599703732362e+00,1.089227419177779232e+01,-4.987696817248871151e-01
3.080000000000000071e+01,3.112216691474009735e+02,1.177870281184431711e+00,1.084799461737119231e+01,-5.362966894603601320e-01
3.090000000000000213e+01,3.123026615465412306e+02,1.124664800108812424e+00,1.077185336543369587e+01,-5.278129307346720589e-01
3.100000000000000000e+01,3.133807984243996430e+02,1.071945585126563794e+00,1.079088419173474911e+01,-5.265713704682588592e-01
3.110000000000000142e+01,3.144612470239348454e+02,1.017631819652627723e+00,1.081808779896862482e+01,-5.597039367198773929e-01
3.120000000000000284e+01,3.155445542508924746e+02,9.629004928082094406e-01,1.084805674018465105e+01,-5.349225980476686182e-01
3.130000000000000071e+01,3.166330308849294397e+02,9.077739499846154692e-01,1.092147594055464310e+01,-5.676082584707112799e-01
3.140000000000000213e+01,3.177239617343290092e+02,8.531467568353209296e-01,1.089714104743719680e+01,-5.249356031410510326e-01
3.150000000000000000e+01,3.188132904770422442e+02,7.987923720374152659e-01,1.088943380682719209e+01,-5.621520939896852420e-01
3.160000000000000142e+01,3.198982144374631389e+02,7.387239071069298113e-01,1.080904540159025551e+01,-6.392172041755719292e-01
3.170000000000000284e+01,3.209828041209696607e+02,6.785717328784529601e-01,1.088274826854016375e+01,-5.638262804819492713e-01
3.180000000000000071e+01,3.220738240263113425e+02,6.218700453964252084e-01,1.093764983829400705e+01,-5.702074689564488041e-01
3.190000000000000213e+01,3.231682135364791293e+02,5.637542400545819676e-01,1.095014036506192134e+01,-5.921086377623281383e-01
3.200000000000000000e+01,3.242631034885970394e+02,5.077986617532914693e-01,1.094765867729561926e+01,-5.270029269091122126e-01
3.210000000000000142e+01,3.253615395233907179e+02,4.582076976106517763e-01,1.102106201857767864e+01,-4.648163574047601831e-01
3.220000000000000284e+01,3.264590958578820050e+02,4.109687453985461647e-01,1.093006467124764391e+01,-4.799626851891318768e-01
3.230000000000000426e+01,3.275508216140162858e+02,3.620085162328119943e-01,1.090445045143767011e+01,-4.992418995030720175e-01
3.239999999999999858e+01,3.286430770392204863e+02,3.140053415902832046e-01,1.094065805264599156e+01,-4.608215920032491253e-01
3.250000000000000000e+01,3.297358158143465516e+02,2.680150451858913652e-01,1.091411744987474641e+01,-4.589843390040348470e-01
3.260000000000000142e+01,3.308285459001189679e+02,2.199322068898612315e-01,1.094048426557434972e+01,-5.026724288417584452e-01
3.270000000000000284e+01,3.319253675347114267e+02,1.705991945413868616e-01,1.099594842627461944e+01,-4.839878187415320165e-01
3.280000000000000426e+01,3.330205154375798884e+02,1.226453667007941367e-01,1.090700963109456190e+01,-4.750887380154288353e-01
3.289999999999999858e+01,3.341112988747715349e+02,7.520479712836385111e-02,1.090865911273895783e+01,-4.737226533815596108e-01
3.300000000000000000e+01,3.352022097960900169e+02,2.708615263144730292e-02,1.090955931363088460e+01,-4.886502389400129709e-01
3.310000000000000142e+01,3.362931629358211012e+02,-2.354335729088528201e-02,1.090950348099068457e+01,-5.239399612693520503e-01
3.320000000000000284e+01,3.373842027685104199e+02,-7.500300433011447554e-02,1.091129317279586708e+01,-5.052529755586059323e-01
3.330000000000000426e+01,3.384760553586863239e+02,-1.225875648716478472e-01,1.092575863072193165e+01,-4.464382311418563787e-01
3.339999999999999858e+01,3.395715626406233127e+02,-1.697847571895576557e-01,1.098438700801782453e+01,-4.975056150803830457e-01
3.350000000000000000e+01,3.406715752180761569e+02,-2.197160190609222519e-01,1.101586454103886759e+01,-5.011196202734845562e-01
3.360000000000000142e+01,3.417753749826865146e+02,-2.689980140695328870e-01,1.106013075116785771e+01,-4.845202790893587408e-01
3.370000000000000284e+01,3.428804426067281383e+02,-3.158649835001652306e-01,1.104122172966532567e+01,-4.528191151629715749e-01
3.380000000000000426e+01,3.439818957828377961e+02,-3.614914113511388249e-01,1.098784179252746540e+01,-4.597094422907417322e-01
3.389999999999999858e+01,3.450809356232801974e+02,-4.074036663576238171e-01,1.099295501632132499e+01,-4.585356578564259156e-01
3.400000000000000000e+01,3.461788596857778657e+02,-4.497798916287129023e-01,1.096552623363223766e+01,-3.889888440787739321e-01
3.410000000000000142e+01,3.472750977572027296e+02,-4.913980059722669602e-01,1.095923519486582087e+01,-4.433734420848748914e-01
3.420000000000000284e+01,3.483681748655745309e+02,-5.367978737455922911e-01,1.090230697256985870e+01,-4.646239188555226218e-01
3.430000000000000426e+01,3.494564416159242910e+02,-5.852434438445877074e-01,1.086302803442618981e+01,-5.042874861251939178e-01
3.439999999999999858e+01,3.505414395173406774e+02,-6.352088404227774765e-01,1.083692999390231471e+01,-4.950204425622768412e-01
3.450000000000000000e+01,3.516259274272125595e+02,-6.876846132233781494e-01,1.085282820353572397e+01,-5.544950146586252737e-01
3.460000000000000142e+01,3.527111145892044419e+02,-7.398095680885691250e-01,1.085091503630136245e+01,-4.880040810584524991e-01
3.470000000000000284e+01,3.537950769456294324e+02,-7.888864652111873266e-01,1.082833209219840853e+01,-4.935338604337981550e-01
3.480000000000000426e+01,3.548802072604994464e+02,-8.405042570856662287e-01,1.087427420520268839e+01,-5.388219793141024727e-01
3.489999999999999858e+01,3.559713598720549612e+02,-8.901061072876897962e-01,1.094877802590765903e+01,-4.532150247705871160e-01
3.500000000000000000e+01,3.570698325487622924e+02,-9.330114397279255511e-01,1.102067550823915631e+01,-4.048916223520492297e-01
3.510000000000000142e+01,3.581710634633798236e+02,-9.735015353555379614e-01,1.100394278411199700e+01,-4.049102857454887072e-01
3.520000000000000284e+01,3.592712938705832926e+02,-1.012423328856012050e+00,1.100066535995740580e+01,-3.735255792222616500e-01
3.530000000000000426e+01,3.603748932386430965e+02,-1.049918238175522101e+00,1.107132200123884402e+01,-3.763726075528670556e-01
3.539999999999999858e+01,3.614808966370904955e+02,-1.089012646491284819e+00,1.104874596770944528e+01,-4.055155591821741345e-01
3.550000000000000000e+01,3.625848408067935225e+02,-1.132253018932963595e+00,1.103013742635011418e+01,-4.592918897907240505e-01
3.560000000000000142e+01,3.636886049305595634e+02,-1.179936822263694784e+00,1.104514504896981641e+01,-4.943841776536850308e-01
3.570000000000000284e+01,3.647908332967239176e+02,-1.228380678626591171e+00,1.099942227431673025e+01,-4.744929504263836195e-01
3.580000000000000426e+01,3.658916161961963098e+02,-1.277483311811359545e+00,1.101623571513133548e+01,-5.075597136003463516e-01
3.589999999999999858e+01,3.669956966886700798e+02,-1.327579473418488920e+00,1.106537413434414852e+01,-4.943635234129535316e-01
3.600000000000000000e+01,3.681058281792421667e+02,-1.376872949418107561e+00,1.113725567709721176e+01,-4.915059988579726369e-01
3.610000000000000142e+01,3.692210841153553247e+02,-1.427979354175850757e+00,1.116786304516594441e+01,-5.306220959879714982e-01
3.620000000000000284e+01,3.703398371693315880e+02,-1.481789800469380136e+00,1.120719803435955697e+01,-5.455868291391888780e-01
3.630000000000000426e+01,3.714625998321957354e+02,-1.535507884265496559e+00,1.124805522292314564e+01,-5.287748435586960838e-01
3.639999999999999858e+01,3.725848745460148166e+02,-1.588715495706513048e+00,1.119743905345883661e+01,-5.353773894667324118e-01
3.650000000000000000e+01,3.737018220922045657e+02,-1.644517157518814665e+00,1.114151187033528423e+01,-5.806558498311638061e-01
3.660000000000000142e+01,3.748129678375695448e+02,-1.702607642429189605e+00,1.108140303696357876e+01,-5.811538502299029574e-01
3.670000000000000284e+01,3.759172295199708742e+02,-1.762111810457308136e+00,1.100383061106339788e+01,-6.089295128704166338e-01
3.680000000000000426e+01,3.770178967118910691e+02,-1.820548258610874104e+00,1.100951322733969739e+01,-5.597994479793043654e-01
3.689999999999999858e+01,3.781178993769313479e+02,-1.877023658711025611e+00,1.099054007346558137e+01,-5.697085563141712772e-01
3.700000000000000000e+01,3.792217459668084985e+02,-1.936245248768856841e+00,1.108639172407752582e+01,-6.147232461624335675e-01
3.710000000000000142e+01,3.803325431831974583e+02,-1.994542660936767797e+00,1.112955260370085142e+01,-5.512249989541364581e-01
3.720000000000000284e+01,3.814466475654982105e+02,-2.047455387893361678e+00,1.115253504231412229e+01,-5.070295369257855622e-01
3.730000000000000426e+01,3.825587483209031348e+02,-2.102293123618371951e+00,1.108948006578462220e+01,-5.897251770338681753e-01
3.739999999999999858e+01,3.836668788401245820e+02,-2.162572344390573331e+00,1.107313031864350883e+01,-6.158592338217511175e-01
3.750000000000000000e+01,3.847763926302220625e+02,-2.228674096671283245e+00,1.111714548330649599e+01,-7.061758121067437388e-01
3.760000000000000142e+01,3.858855040560673046e+02,-2.297960545547863109e+00,1.106508303359838585e+01,-6.795531730251669345e-01
3.770000000000000284e+01,3.869931048267082474e+02,-2.366634219746490686e+00,1.108693237922073571e+01,-6.939203094542641947e-01
3.780000000000000426e+01,3.881005526549956812e+02,-2.439431263628553559e+00,1.106202418652788033e+01,-7.620205687423473595e-01
3.789999999999999858e+01,3.892067615048095490e+02,-2.514990993686740062e+00,1.106215280974899606e+01,-7.491740311850713097e-01
3.800000000000000000e+01,3.903107135871696869e+02,-2.588797931546719333e+00,1.101688883745446823e+01,-7.269647243314854013e-01
3.810000000000000142e+01,3.914119422952724108e+02,-2.663940427722117921e+00,1.100768532460043581e+01,-7.758851984719107309e-01
3.820000000000000284e+01,3.925127879162790236e+02,-2.743615906071469102e+00,1.100922709553205792e+01,-8.176243696277237794e-01
3.830000000000000426e+01,3.936142102218070704e+02,-2.824612652365790844e+00,1.101921901502837464e+01,-8.023105529227537724e-01
3.840000000000000568e+01,3.947179025447005642e+02,-2.907891336461762677e+00,1.105462744284051801e+01,-8.632631250584339444e-01
3.850000000000000000e+01,3.958234692240092158e+02,-2.993185773440077746e+00,1.105670614333176438e+01,-8.426256094566592081e-01
3.860000000000000142e+01,3.969314340603024220e+02,-3.075733291648169665e+00,1.110259058253262410e+01,-8.083247537433737584e-01
3.870000000000000284e+01,3.980435795003987778e+02,-3.156677755248395556e+00,1.114031821939450495e+01,-8.105645175577687045e-01
3.880000000000000426e+01,3.991564747308063374e+02,-3.242079908899618612e+00,1.111758638875658711e+01,-8.974785501608378846e-01
3.890000000000000568e+01,4.002673181582466668e+02,-3.330672818232841337e+00,1.109928216004979262e+01,-8.743796350311919818e-01
3.900000000000000000e+01,4.013792990495621211e+02,-3.417560210834564405e+00,1.114033566625987781e+01,-8.633682183982346325e-01
3.910000000000000142e+01,4.024933306038909109e+02,-3.502667515323788283e+00,1.114029542031565079e+01,-8.387778717357099456e-01
3.920000000000000284e+01,4.036041791049986500e+02,-3.584385403720289798e+00,1.107667460183947483e+01,-7.955798952774598698e-01
3.930000000000000426e+01,4.047144960540543366e+02,-3.661569583026232699e+00,1.112966437927444474e+01,-7.481036923788102477e-01
3.940000000000000568e+01,4.058311072887129853e+02,-3.735467469610705304e+00,1.120256031389832252e+01,-7.298540392620406214e-01
3.950000000000000000e+01,4.069546256107515774e+02,-3.809912492439989418e+00,1.126780612687349858e+01,-7.590464187422785169e-01
3.960000000000000142e+01,4.080801422475486220e+02,-3.882468141762047686e+00,1.124252660906704548e+01,-6.920665664990965915e-01
3.970000000000000284e+01,4.092023847562514334e+02,-3.952763967901438136e+00,1.120232356498994974e+01,-7.138499575535575126e-01
3.980000000000000426e+01,4.103192641478468090e+02,-4.025388038553975534e+00,1.113526426691729476e+01,-7.386314603042981597e-01
3.990000000000000568e+01,4.114308727842058033e+02,-4.099824138473484147e+00,1.109690846026237310e+01,-7.500905349119025844e-01
